daycombo,unitbox,yday,year,f_rfid,m_rfid,Offset,Limit,FemFeed,MalFeed,FemTotal,MalTotal
1_105-155,1_105,155,2019,04198E9F39,04195A5B3C,1,136.5,153,NA,444,NA
1_105-156,1_105,156,2019,04198E9F39,04195A5B3C,2,136.5,148,NA,451,NA
1_105-157,1_105,157,2019,04198E9F39,04195A5B3C,3,136.5,149,NA,339,NA
1_105-158,1_105,158,2019,04198E9F39,04195A5B3C,4,55.5,199,NA,476,NA
1_105-159,1_105,159,2019,04198E9F39,04195A5B3C,5,55.5,188,NA,718,NA
1_105-160,1_105,160,2019,04198E9F39,04195A5B3C,6,55.5,137,NA,453,NA
1_105-161,1_105,161,2019,04198E9F39,04195A5B3C,7,36.5,116,NA,271,NA
1_105-162,1_105,162,2019,04198E9F39,04195A5B3C,8,36.5,186,NA,368,NA
1_105-163,1_105,163,2019,04198E9F39,04195A5B3C,9,36.5,170,NA,467,NA
1_105-164,1_105,164,2019,04198E9F39,04195A5B3C,10,20,52,NA,141,NA
1_105-165,1_105,165,2019,04198E9F39,04195A5B3C,11,20,159,NA,387,NA
1_105-166,1_105,166,2019,04198E9F39,04195A5B3C,12,20,155,NA,401,NA
1_105-167,1_105,167,2019,04198E9F39,04195A5B3C,13,11,106,NA,347,NA
1_105-168,1_105,168,2019,04198E9F39,04195A5B3C,14,11,252,NA,710,NA
1_105-169,1_105,169,2019,04198E9F39,04195A5B3C,15,11,226,NA,723,NA
1_105-170,1_105,170,2019,04198E9F39,04195A5B3C,16,25.5,201,NA,757,NA
1_105-171,1_105,171,2019,04198E9F39,04195A5B3C,17,25.5,154,NA,501,NA
1_105-172,1_105,172,2019,04198E9F39,04195A5B3C,18,25.5,222,NA,640,NA
1_105-173,1_105,173,2019,04198E9F39,04195A5B3C,19,NA,NA,NA,330,NA
1_47-156,1_47,156,2019,04195A3909,04195A3D53,1,136.5,162,63,1810,2142
1_47-157,1_47,157,2019,04195A3909,04195A3D53,2,136.5,159,85,965,2438
1_47-158,1_47,158,2019,04195A3909,04195A3D53,3,136.5,161,124,1626,1290
1_47-159,1_47,159,2019,04195A3909,04195A3D53,4,55.5,231,152,2496,1099
1_47-160,1_47,160,2019,04195A3909,04195A3D53,5,55.5,185,174,1208,696
1_47-161,1_47,161,2019,04195A3909,04195A3D53,6,55.5,29,101,78,277
1_47-162,1_47,162,2019,04195A3909,04195A3D53,7,36.5,126,179,534,493
1_47-163,1_47,163,2019,04195A3909,04195A3D53,8,36.5,197,209,610,657
1_47-164,1_47,164,2019,04195A3909,04195A3D53,9,36.5,58,68,197,214
1_47-165,1_47,165,2019,04195A3909,04195A3D53,10,20,124,110,430,389
1_47-166,1_47,166,2019,04195A3909,04195A3D53,11,20,179,208,420,615
1_47-167,1_47,167,2019,04195A3909,04195A3D53,12,20,27,68,60,241
1_47-168,1_47,168,2019,04195A3909,04195A3D53,13,11,NA,218,NA,805
1_47-169,1_47,169,2019,04195A3909,04195A3D53,14,11,NA,131,NA,635
1_47-170,1_47,170,2019,04195A3909,04195A3D53,15,11,NA,119,NA,784
1_47-171,1_47,171,2019,04195A3909,04195A3D53,16,25.5,NA,47,NA,228
1_47-172,1_47,172,2019,04195A3909,04195A3D53,17,25.5,NA,10,NA,184
1_58-162,1_58,162,2019,04198E725D,04179377F7,1,136.5,142,NA,414,NA
1_58-163,1_58,163,2019,04198E725D,04179377F7,2,136.5,143,NA,506,NA
1_58-164,1_58,164,2019,04198E725D,04179377F7,3,136.5,81,NA,173,NA
1_58-165,1_58,165,2019,04198E725D,04179377F7,4,55.5,150,NA,197,NA
1_58-166,1_58,166,2019,04198E725D,04179377F7,5,55.5,198,NA,291,NA
1_58-167,1_58,167,2019,04198E725D,04179377F7,6,55.5,118,NA,310,NA
1_58-168,1_58,168,2019,04198E725D,04179377F7,7,36.5,168,107,511,248
1_58-169,1_58,169,2019,04198E725D,04179377F7,8,36.5,175,112,448,241
1_58-170,1_58,170,2019,04198E725D,04179377F7,9,36.5,221,103,663,249
1_58-171,1_58,171,2019,04198E725D,04179377F7,10,20,135,77,468,146
1_58-172,1_58,172,2019,04198E725D,04179377F7,11,20,191,118,554,226
1_58-173,1_58,173,2019,04198E725D,04179377F7,12,20,199,153,799,365
1_58-174,1_58,174,2019,04198E725D,04179377F7,13,11,158,135,516,251
1_58-175,1_58,175,2019,04198E725D,04179377F7,14,11,135,102,437,186
1_58-176,1_58,176,2019,04198E725D,04179377F7,15,11,94,84,562,160
1_58-177,1_58,177,2019,04198E725D,04179377F7,16,25.5,119,119,578,233
1_58-178,1_58,178,2019,04198E725D,04179377F7,17,25.5,132,90,928,204
1_58-179,1_58,179,2019,04198E725D,04179377F7,18,25.5,94,78,287,171
1_58-180,1_58,180,2019,04198E725D,04179377F7,19,NA,NA,NA,347,61
1_58-181,1_58,181,2019,04198E725D,04179377F7,20,NA,NA,NA,81,67
1_58-182,1_58,182,2019,04198E725D,04179377F7,21,NA,NA,NA,66,29
1_58-183,1_58,183,2019,04198E725D,04179377F7,22,NA,NA,NA,36,7
1_58-184,1_58,184,2019,04198E725D,04179377F7,23,NA,NA,NA,NA,6
1_65-161,1_65,161,2019,04198E3B94,,1,136.5,107,NA,465,NA
1_65-162,1_65,162,2019,04198E3B94,,2,136.5,118,NA,382,NA
1_65-163,1_65,163,2019,04198E3B94,,3,136.5,142,NA,770,NA
1_65-164,1_65,164,2019,04198E3B94,,4,55.5,40,NA,116,NA
1_81-156,1_81,156,2019,04198E3A62,04195A2012,1,136.5,127,56,1055,374
1_81-157,1_81,157,2019,04198E3A62,04195A2012,2,136.5,120,67,389,313
1_81-158,1_81,158,2019,04198E3A62,04195A2012,3,136.5,147,90,1016,490
1_81-159,1_81,159,2019,04198E3A62,04195A2012,4,55.5,235,128,2037,439
1_81-160,1_81,160,2019,04198E3A62,04195A2012,5,55.5,203,141,574,449
1_81-161,1_81,161,2019,04198E3A62,04195A2012,6,55.5,116,61,254,199
1_81-162,1_81,162,2019,04198E3A62,04195A2012,7,36.5,215,159,344,381
1_81-163,1_81,163,2019,04198E3A62,04195A2012,8,36.5,258,178,410,504
1_81-164,1_81,164,2019,04198E3A62,04195A2012,9,36.5,103,63,174,150
1_81-165,1_81,165,2019,04198E3A62,04195A2012,10,20,192,165,398,328
1_81-166,1_81,166,2019,04198E3A62,04195A2012,11,20,264,182,524,408
1_81-167,1_81,167,2019,04198E3A62,04195A2012,12,20,33,60,72,180
1_81-168,1_81,168,2019,04198E3A62,04195A2012,13,11,285,267,500,586
1_81-169,1_81,169,2019,04198E3A62,04195A2012,14,11,199,187,379,460
1_81-170,1_81,170,2019,04198E3A62,04195A2012,15,11,185,222,530,561
1_81-171,1_81,171,2019,04198E3A62,04195A2012,16,25.5,129,100,466,384
1_81-173,1_81,173,2019,04198E3A62,04195A2012,18,25.5,36,54,161,160
1_81-174,1_81,174,2019,04198E3A62,04195A2012,19,NA,NA,NA,517,456
1_81-175,1_81,175,2019,04198E3A62,04195A2012,20,NA,NA,NA,140,113
1_83-166,1_83,166,2019,04198E7978,04198E36A4,1,136.5,120,NA,181,NA
1_83-167,1_83,167,2019,04198E7978,04198E36A4,2,136.5,35,NA,63,NA
1_83-168,1_83,168,2019,04198E7978,04198E36A4,3,136.5,9,NA,13,NA
1_83-169,1_83,169,2019,04198E7978,04198E36A4,4,55.5,136,NA,346,NA
1_83-170,1_83,170,2019,04198E7978,04198E36A4,5,55.5,197,NA,475,NA
1_83-171,1_83,171,2019,04198E7978,04198E36A4,6,55.5,158,NA,258,NA
1_83-172,1_83,172,2019,04198E7978,04198E36A4,7,36.5,19,1,41,59
1_86-162,1_86,162,2019,04198E29B8,041917B329,1,136.5,118,90,242,229
1_86-163,1_86,163,2019,04198E29B8,041917B329,2,136.5,150,94,471,257
1_86-164,1_86,164,2019,04198E29B8,041917B329,3,136.5,78,41,109,84
1_86-165,1_86,165,2019,04198E29B8,041917B329,4,55.5,111,67,145,132
1_86-166,1_86,166,2019,04198E29B8,041917B329,5,55.5,196,103,285,210
1_86-167,1_86,167,2019,04198E29B8,041917B329,6,55.5,91,41,134,113
1_86-168,1_86,168,2019,04198E29B8,041917B329,7,36.5,242,121,464,235
1_86-169,1_86,169,2019,04198E29B8,041917B329,8,36.5,93,85,172,167
1_86-170,1_86,170,2019,04198E29B8,041917B329,9,36.5,244,153,562,310
1_86-171,1_86,171,2019,04198E29B8,041917B329,10,20,102,95,211,171
1_86-172,1_86,172,2019,04198E29B8,041917B329,11,20,186,93,367,150
1_86-173,1_86,173,2019,04198E29B8,041917B329,12,20,243,88,504,167
1_86-174,1_86,174,2019,04198E29B8,041917B329,13,11,253,92,593,137
1_86-175,1_86,175,2019,04198E29B8,041917B329,14,11,218,104,416,200
1_86-176,1_86,176,2019,04198E29B8,041917B329,15,11,199,98,454,207
1_86-177,1_86,177,2019,04198E29B8,041917B329,16,25.5,190,82,525,227
1_86-178,1_86,178,2019,04198E29B8,041917B329,17,25.5,164,57,522,174
1_86-179,1_86,179,2019,04198E29B8,041917B329,18,25.5,114,59,384,161
1_86-180,1_86,180,2019,04198E29B8,041917B329,19,NA,NA,NA,218,115
1_86-181,1_86,181,2019,04198E29B8,041917B329,20,NA,NA,NA,357,187
1_86-182,1_86,182,2019,04198E29B8,041917B329,21,NA,NA,NA,244,106
1_86-183,1_86,183,2019,04198E29B8,041917B329,22,NA,NA,NA,185,76
1_86-184,1_86,184,2019,04198E29B8,041917B329,23,NA,NA,NA,134,21
1_90-157,1_90,157,2019,04198E5034,04195A627D,1,136.5,132,59,496,2126
1_90-158,1_90,158,2019,04198E5034,04195A627D,2,136.5,134,87,494,4113
1_90-159,1_90,159,2019,04198E5034,04195A627D,3,136.5,141,96,2546,3910
1_90-160,1_90,160,2019,04198E5034,04195A627D,4,55.5,181,159,1456,2081
1_90-161,1_90,161,2019,04198E5034,04195A627D,5,55.5,167,150,502,1051
1_90-162,1_90,162,2019,04198E5034,04195A627D,6,55.5,199,159,677,747
1_90-163,1_90,163,2019,04198E5034,04195A627D,7,36.5,240,205,882,841
1_90-164,1_90,164,2019,04198E5034,04195A627D,8,36.5,38,79,145,503
1_90-165,1_90,165,2019,04198E5034,04195A627D,9,36.5,NA,13,NA,234
1_90-166,1_90,166,2019,04198E5034,04195A627D,10,20,NA,7,NA,66
2_1-157,2_1,157,2019,04198E2CCE,,1,136.5,148,NA,485,NA
2_1-158,2_1,158,2019,04198E2CCE,,2,136.5,152,NA,942,NA
2_1-159,2_1,159,2019,04198E2CCE,,3,136.5,136,NA,2953,NA
2_1-160,2_1,160,2019,04198E2CCE,,4,55.5,287,NA,1508,NA
2_1-161,2_1,161,2019,04198E2CCE,,5,55.5,272,NA,686,NA
2_1-162,2_1,162,2019,04198E2CCE,,6,55.5,21,NA,152,NA
2_1-163,2_1,163,2019,04198E2CCE,,7,36.5,3,NA,45,NA
2_1-164,2_1,164,2019,04198E2CCE,,8,36.5,1,NA,1,NA
2_101-153,2_101,153,2019,04198E595E,04198E4122,1,136.5,127,NA,311,NA
2_101-154,2_101,154,2019,04198E595E,04198E4122,2,136.5,114,NA,309,NA
2_101-155,2_101,155,2019,04198E595E,04198E4122,3,136.5,138,NA,467,NA
2_101-156,2_101,156,2019,04198E595E,04198E4122,4,55.5,50,NA,111,NA
2_101-160,2_101,160,2019,04198E595E,04198E4122,8,36.5,233,171,429,309
2_101-161,2_101,161,2019,04198E595E,04198E4122,9,36.5,180,145,360,309
2_101-162,2_101,162,2019,04198E595E,04198E4122,10,20,291,175,567,390
2_101-163,2_101,163,2019,04198E595E,04198E4122,11,20,260,198,639,369
2_101-164,2_101,164,2019,04198E595E,04198E4122,12,20,140,79,366,169
2_101-165,2_101,165,2019,04198E595E,04198E4122,13,11,286,188,610,389
2_101-166,2_101,166,2019,04198E595E,04198E4122,14,11,267,192,538,369
2_101-167,2_101,167,2019,04198E595E,04198E4122,15,11,135,63,407,181
2_101-168,2_101,168,2019,04198E595E,04198E4122,16,25.5,311,165,815,519
2_101-169,2_101,169,2019,04198E595E,04198E4122,17,25.5,296,126,706,725
2_101-170,2_101,170,2019,04198E595E,04198E4122,18,25.5,311,112,1694,994
2_101-171,2_101,171,2019,04198E595E,04198E4122,19,NA,NA,NA,386,233
2_101-172,2_101,172,2019,04198E595E,04198E4122,20,NA,NA,NA,159,6
2_101-173,2_101,173,2019,04198E595E,04198E4122,21,NA,NA,NA,279,66
2_101-174,2_101,174,2019,04198E595E,04198E4122,22,NA,NA,NA,209,22
2_101-175,2_101,175,2019,04198E595E,04198E4122,23,NA,NA,NA,12,NA
2_103-150,2_103,150,2019,04198E21F5,04198EAB87,1,136.5,99,67,190,1721
2_103-151,2_103,151,2019,04198E21F5,04198EAB87,2,136.5,119,93,259,2952
2_103-152,2_103,152,2019,04198E21F5,04198EAB87,3,136.5,142,102,437,2400
2_103-153,2_103,153,2019,04198E21F5,04198EAB87,4,55.5,217,153,313,851
2_103-154,2_103,154,2019,04198E21F5,04198EAB87,5,55.5,148,138,249,395
2_103-155,2_103,155,2019,04198E21F5,04198EAB87,6,55.5,191,159,372,455
2_103-156,2_103,156,2019,04198E21F5,04198EAB87,7,36.5,293,149,551,532
2_103-157,2_103,157,2019,04198E21F5,04198EAB87,8,36.5,248,171,567,456
2_103-158,2_103,158,2019,04198E21F5,04198EAB87,9,36.5,310,309,747,885
2_103-159,2_103,159,2019,04198E21F5,04198EAB87,10,20,368,294,875,957
2_103-160,2_103,160,2019,04198E21F5,04198EAB87,11,20,361,254,805,827
2_103-161,2_103,161,2019,04198E21F5,04198EAB87,12,20,152,165,432,588
2_103-162,2_103,162,2019,04198E21F5,04198EAB87,13,11,240,263,611,985
2_103-163,2_103,163,2019,04198E21F5,04198EAB87,14,11,257,252,642,860
2_103-164,2_103,164,2019,04198E21F5,04198EAB87,15,11,80,104,183,245
2_103-165,2_103,165,2019,04198E21F5,04198EAB87,16,25.5,83,137,153,254
2_103-166,2_103,166,2019,04198E21F5,04198EAB87,17,25.5,35,83,62,151
2_103-167,2_103,167,2019,04198E21F5,04198EAB87,18,25.5,18,63,50,87
2_103-168,2_103,168,2019,04198E21F5,04198EAB87,19,NA,NA,NA,445,679
2_103-169,2_103,169,2019,04198E21F5,04198EAB87,20,NA,NA,NA,171,275
2_103-170,2_103,170,2019,04198E21F5,04198EAB87,21,NA,NA,NA,155,209
2_103-171,2_103,171,2019,04198E21F5,04198EAB87,22,NA,NA,NA,28,57
2_103-172,2_103,172,2019,04198E21F5,04198EAB87,23,NA,NA,NA,9,8
2_105-160,2_105,160,2019,04198E2FB0,04198E5DDD,1,136.5,143,NA,855,NA
2_105-161,2_105,161,2019,04198E2FB0,04198E5DDD,2,136.5,150,NA,453,NA
2_105-162,2_105,162,2019,04198E2FB0,04198E5DDD,3,136.5,120,NA,388,NA
2_105-163,2_105,163,2019,04198E2FB0,04198E5DDD,4,55.5,197,NA,341,NA
2_105-164,2_105,164,2019,04198E2FB0,04198E5DDD,5,55.5,106,NA,174,NA
2_105-165,2_105,165,2019,04198E2FB0,04198E5DDD,6,55.5,163,58,331,223
2_105-166,2_105,166,2019,04198E2FB0,04198E5DDD,7,36.5,163,156,336,404
2_105-167,2_105,167,2019,04198E2FB0,04198E5DDD,8,36.5,70,98,153,286
2_105-168,2_105,168,2019,04198E2FB0,04198E5DDD,9,36.5,315,180,818,474
2_105-169,2_105,169,2019,04198E2FB0,04198E5DDD,10,20,270,200,841,622
2_105-170,2_105,170,2019,04198E2FB0,04198E5DDD,11,20,329,208,1560,831
2_105-171,2_105,171,2019,04198E2FB0,04198E5DDD,12,20,195,215,707,781
2_105-172,2_105,172,2019,04198E2FB0,04198E5DDD,13,11,258,244,678,672
2_105-173,2_105,173,2019,04198E2FB0,04198E5DDD,14,11,306,190,678,489
2_105-174,2_105,174,2019,04198E2FB0,04198E5DDD,15,11,257,179,550,542
2_105-175,2_105,175,2019,04198E2FB0,04198E5DDD,16,25.5,214,167,562,497
2_105-176,2_105,176,2019,04198E2FB0,04198E5DDD,17,25.5,204,144,467,427
2_105-177,2_105,177,2019,04198E2FB0,04198E5DDD,18,25.5,175,135,367,356
2_105-178,2_105,178,2019,04198E2FB0,04198E5DDD,19,NA,NA,NA,252,190
2_105-179,2_105,179,2019,04198E2FB0,04198E5DDD,20,NA,NA,NA,135,87
2_105-180,2_105,180,2019,04198E2FB0,04198E5DDD,21,NA,NA,NA,10,5
2_109-153,2_109,153,2019,04198E8D96,04198E89C4,1,136.5,115,NA,286,NA
2_109-154,2_109,154,2019,04198E8D96,04198E89C4,2,136.5,107,NA,253,NA
2_109-155,2_109,155,2019,04198E8D96,04198E89C4,3,136.5,135,NA,302,NA
2_109-156,2_109,156,2019,04198E8D96,04198E89C4,4,55.5,198,NA,777,NA
2_109-157,2_109,157,2019,04198E8D96,04198E89C4,5,55.5,236,NA,458,NA
2_109-158,2_109,158,2019,04198E8D96,04198E89C4,6,55.5,174,NA,442,NA
2_109-159,2_109,159,2019,04198E8D96,04198E89C4,7,36.5,203,NA,561,NA
2_109-160,2_109,160,2019,04198E8D96,04198E89C4,8,36.5,179,NA,471,NA
2_109-161,2_109,161,2019,04198E8D96,04198E89C4,9,36.5,135,NA,335,NA
2_109-162,2_109,162,2019,04198E8D96,04198E89C4,10,20,187,NA,692,NA
2_109-163,2_109,163,2019,04198E8D96,04198E89C4,11,20,167,NA,626,NA
2_109-164,2_109,164,2019,04198E8D96,04198E89C4,12,20,33,NA,88,NA
2_109-165,2_109,165,2019,04198E8D96,04198E89C4,13,11,110,NA,279,NA
2_109-166,2_109,166,2019,04198E8D96,04198E89C4,14,11,138,NA,366,NA
2_109-167,2_109,167,2019,04198E8D96,04198E89C4,15,11,30,NA,74,NA
2_109-168,2_109,168,2019,04198E8D96,04198E89C4,16,25.5,100,NA,334,NA
2_109-169,2_109,169,2019,04198E8D96,04198E89C4,17,25.5,72,NA,259,NA
2_109-170,2_109,170,2019,04198E8D96,04198E89C4,18,25.5,49,NA,159,NA
2_109-171,2_109,171,2019,04198E8D96,04198E89C4,19,NA,NA,NA,127,NA
2_109-172,2_109,172,2019,04198E8D96,04198E89C4,20,NA,NA,NA,121,NA
2_109-173,2_109,173,2019,04198E8D96,04198E89C4,21,NA,NA,NA,125,NA
2_109-174,2_109,174,2019,04198E8D96,04198E89C4,22,NA,NA,NA,55,NA
2_111-146,2_111,146,2019,04195973B5,04198E4C72,1,136.5,121,70,1016,4313
2_111-147,2_111,147,2019,04195973B5,04198E4C72,2,136.5,108,65,704,4200
2_111-148,2_111,148,2019,04195973B5,04198E4C72,3,136.5,117,82,307,1691
2_111-149,2_111,149,2019,04195973B5,04198E4C72,4,55.5,174,115,458,1314
2_111-150,2_111,150,2019,04195973B5,04198E4C72,5,55.5,189,125,539,1393
2_111-151,2_111,151,2019,04195973B5,04198E4C72,6,55.5,183,22,1305,331
2_111-152,2_111,152,2019,04195973B5,04198E4C72,7,36.5,369,NA,2018,NA
2_111-153,2_111,153,2019,04195973B5,04198E4C72,8,36.5,242,NA,1841,NA
2_111-154,2_111,154,2019,04195973B5,04198E4C72,9,36.5,175,NA,639,NA
2_111-155,2_111,155,2019,04195973B5,04198E4C72,10,20,41,NA,136,NA
2_116-154,2_116,154,2019,419599803,04198E836E,1,136.5,142,78,425,272
2_116-155,2_116,155,2019,419599803,04198E836E,2,136.5,143,93,474,1301
2_116-156,2_116,156,2019,419599803,04198E836E,3,136.5,130,101,1332,1283
2_116-157,2_116,157,2019,419599803,04198E836E,4,55.5,180,118,364,226
2_116-158,2_116,158,2019,419599803,04198E836E,5,55.5,205,144,1077,409
2_116-159,2_116,159,2019,419599803,04198E836E,6,55.5,228,132,1665,287
2_116-160,2_116,160,2019,419599803,04198E836E,7,36.5,242,189,1746,326
2_116-161,2_116,161,2019,419599803,04198E836E,8,36.5,197,146,835,240
2_116-162,2_116,162,2019,419599803,04198E836E,9,36.5,119,85,235,126
2_116-164,2_116,164,2019,419599803,04198E836E,11,20,134,95,410,155
2_116-165,2_116,165,2019,419599803,04198E836E,12,20,260,178,971,295
2_116-166,2_116,166,2019,419599803,04198E836E,13,11,288,249,936,390
2_116-167,2_116,167,2019,419599803,04198E836E,14,11,140,167,527,347
2_116-168,2_116,168,2019,419599803,04198E836E,15,11,332,277,1283,415
2_116-169,2_116,169,2019,419599803,04198E836E,16,25.5,218,276,972,478
2_116-170,2_116,170,2019,419599803,04198E836E,17,25.5,197,301,1731,590
2_116-171,2_116,171,2019,419599803,04198E836E,18,25.5,139,136,607,312
2_116-172,2_116,172,2019,419599803,04198E836E,19,NA,NA,NA,247,167
2_116-173,2_116,173,2019,419599803,04198E836E,20,NA,NA,NA,143,141
2_116-174,2_116,174,2019,419599803,04198E836E,21,NA,NA,NA,72,22
2_116-175,2_116,175,2019,419599803,04198E836E,22,NA,NA,NA,17,21
2_12-161,2_12,161,2019,0419AE1674,04195A3014,6,55.5,NA,59,NA,206
2_12-162,2_12,162,2019,0419AE1674,04195A3014,7,36.5,NA,197,NA,906
2_12-163,2_12,163,2019,0419AE1674,04195A3014,8,36.5,NA,146,NA,1073
2_12-164,2_12,164,2019,0419AE1674,04195A3014,9,36.5,NA,49,NA,148
2_12-165,2_12,165,2019,0419AE1674,04195A3014,10,20,NA,4,NA,54
2_120-153,2_120,153,2019,04198E8206,04198EA364,1,136.5,134,NA,683,NA
2_120-154,2_120,154,2019,04198E8206,04198EA364,2,136.5,119,NA,417,NA
2_120-155,2_120,155,2019,04198E8206,04198EA364,3,136.5,151,NA,473,NA
2_120-156,2_120,156,2019,04198E8206,04198EA364,4,55.5,240,NA,787,NA
2_120-157,2_120,157,2019,04198E8206,04198EA364,5,55.5,217,NA,548,NA
2_120-158,2_120,158,2019,04198E8206,04198EA364,6,55.5,156,81,531,390
2_120-159,2_120,159,2019,04198E8206,04198EA364,7,36.5,261,222,684,805
2_120-160,2_120,160,2019,04198E8206,04198EA364,8,36.5,237,234,791,831
2_120-161,2_120,161,2019,04198E8206,04198EA364,9,36.5,188,166,712,512
2_120-162,2_120,162,2019,04198E8206,04198EA364,10,20,206,210,561,763
2_120-163,2_120,163,2019,04198E8206,04198EA364,11,20,229,250,794,823
2_120-164,2_120,164,2019,04198E8206,04198EA364,12,20,130,99,422,402
2_120-165,2_120,165,2019,04198E8206,04198EA364,13,11,184,231,722,898
2_120-166,2_120,166,2019,04198E8206,04198EA364,14,11,192,298,718,988
2_120-167,2_120,167,2019,04198E8206,04198EA364,15,11,72,151,381,591
2_120-168,2_120,168,2019,04198E8206,04198EA364,16,25.5,184,191,894,791
2_120-169,2_120,169,2019,04198E8206,04198EA364,17,25.5,154,218,1026,827
2_120-170,2_120,170,2019,04198E8206,04198EA364,18,25.5,179,230,1202,1242
2_120-171,2_120,171,2019,04198E8206,04198EA364,19,NA,NA,NA,1831,832
2_120-172,2_120,172,2019,04198E8206,04198EA364,20,NA,NA,NA,405,507
2_120-173,2_120,173,2019,04198E8206,04198EA364,21,NA,NA,NA,901,568
2_120-174,2_120,174,2019,04198E8206,04198EA364,22,NA,NA,NA,360,403
2_120-175,2_120,175,2019,04198E8206,04198EA364,23,NA,NA,NA,317,138
2_120-177,2_120,177,2019,04198E8206,04198EA364,25,NA,NA,NA,NA,1
2_121-152,2_121,152,2019,04198E0A42,,1,136.5,60,NA,86,NA
2_121-153,2_121,153,2019,04198E0A42,,2,136.5,66,NA,115,NA
2_121-154,2_121,154,2019,04198E0A42,,3,136.5,42,NA,53,NA
2_121-155,2_121,155,2019,04198E0A42,,4,55.5,40,NA,41,NA
2_121-156,2_121,156,2019,04198E0A42,,5,55.5,80,NA,111,NA
2_121-157,2_121,157,2019,04198E0A42,,6,55.5,89,NA,198,NA
2_121-158,2_121,158,2019,04198E0A42,,7,36.5,125,NA,229,NA
2_121-159,2_121,159,2019,04198E0A42,,8,36.5,91,NA,105,NA
2_121-160,2_121,160,2019,04198E0A42,,9,36.5,82,NA,111,NA
2_121-161,2_121,161,2019,04198E0A42,,10,20,115,NA,143,NA
2_121-162,2_121,162,2019,04198E0A42,,11,20,125,NA,164,NA
2_121-163,2_121,163,2019,04198E0A42,,12,20,114,NA,202,NA
2_121-164,2_121,164,2019,04198E0A42,,13,11,96,NA,133,NA
2_121-165,2_121,165,2019,04198E0A42,,14,11,130,NA,164,NA
2_121-166,2_121,166,2019,04198E0A42,,15,11,87,NA,177,NA
2_121-167,2_121,167,2019,04198E0A42,,16,25.5,16,NA,49,NA
2_121-168,2_121,168,2019,04198E0A42,,17,25.5,12,NA,95,NA
2_121-169,2_121,169,2019,04198E0A42,,18,25.5,6,NA,33,NA
2_121-170,2_121,170,2019,04198E0A42,,19,NA,NA,NA,10,NA
2_122-157,2_122,157,2019,04198E209B,04186ED0B4,1,136.5,149,98,532,509
2_122-158,2_122,158,2019,04198E209B,04186ED0B4,2,136.5,153,122,1114,740
2_122-159,2_122,159,2019,04198E209B,04186ED0B4,3,136.5,145,119,1502,689
2_122-160,2_122,160,2019,04198E209B,04186ED0B4,4,55.5,295,154,873,479
2_122-161,2_122,161,2019,04198E209B,04186ED0B4,5,55.5,159,127,366,381
2_122-162,2_122,162,2019,04198E209B,04186ED0B4,6,55.5,117,106,293,382
2_122-163,2_122,163,2019,04198E209B,04186ED0B4,7,36.5,262,209,647,458
2_122-164,2_122,164,2019,04198E209B,04186ED0B4,8,36.5,168,85,374,179
2_122-165,2_122,165,2019,04198E209B,04186ED0B4,9,36.5,237,138,554,324
2_122-166,2_122,166,2019,04198E209B,04186ED0B4,10,20,NA,204,NA,448
2_122-167,2_122,167,2019,04198E209B,04186ED0B4,11,20,NA,59,NA,192
2_122-168,2_122,168,2019,04198E209B,04186ED0B4,12,20,NA,27,NA,324
2_122-169,2_122,169,2019,04198E209B,04186ED0B4,13,11,NA,1,NA,24
2_127-156,2_127,156,2019,04195A30B9,04195A454F,1,136.5,137,NA,1283,NA
2_127-157,2_127,157,2019,04195A30B9,04195A454F,2,136.5,131,NA,605,NA
2_127-158,2_127,158,2019,04195A30B9,04195A454F,3,136.5,140,NA,1277,NA
2_127-159,2_127,159,2019,04195A30B9,04195A454F,4,55.5,268,NA,1460,NA
2_127-160,2_127,160,2019,04195A30B9,04195A454F,5,55.5,273,NA,1737,NA
2_127-161,2_127,161,2019,04195A30B9,04195A454F,6,55.5,168,NA,562,NA
2_127-162,2_127,162,2019,04195A30B9,04195A454F,7,36.5,275,NA,875,NA
2_127-163,2_127,163,2019,04195A30B9,04195A454F,8,36.5,305,146,1049,269
2_127-164,2_127,164,2019,04195A30B9,04195A454F,9,36.5,182,141,488,280
2_127-165,2_127,165,2019,04195A30B9,04195A454F,10,20,295,175,770,327
2_127-166,2_127,166,2019,04195A30B9,04195A454F,11,20,347,277,829,548
2_127-167,2_127,167,2019,04195A30B9,04195A454F,12,20,155,118,448,248
2_127-168,2_127,168,2019,04195A30B9,04195A454F,13,11,412,124,1425,394
2_127-169,2_127,169,2019,04195A30B9,04195A454F,14,11,181,110,1341,1321
2_127-170,2_127,170,2019,04195A30B9,04195A454F,15,11,19,78,129,1458
2_127-171,2_127,171,2019,04195A30B9,04195A454F,16,25.5,2,5,28,25
2_14-166,2_14,166,2019,04195A4268,04198E15CA,1,136.5,92,76,257,2013
2_14-167,2_14,167,2019,04195A4268,04198E15CA,2,136.5,85,68,183,953
2_14-168,2_14,168,2019,04195A4268,04198E15CA,3,136.5,130,104,666,2709
2_14-169,2_14,169,2019,04195A4268,04198E15CA,4,55.5,148,142,1040,2067
2_14-170,2_14,170,2019,04195A4268,04198E15CA,5,55.5,46,48,162,905
2_14-174,2_14,174,2019,04195A4268,04198E15CA,9,36.5,2,1,5,8
2_14-178,2_14,178,2019,04195A4268,04198E15CA,13,11,103,85,1619,4697
2_14-179,2_14,179,2019,04195A4268,04198E15CA,14,11,120,157,2692,4798
2_14-180,2_14,180,2019,04195A4268,04198E15CA,15,11,86,103,587,1263
2_14-181,2_14,181,2019,04195A4268,04198E15CA,16,25.5,94,83,622,1073
2_14-182,2_14,182,2019,04195A4268,04198E15CA,17,25.5,81,37,659,224
2_14-183,2_14,183,2019,04195A4268,04198E15CA,18,25.5,48,46,430,859
2_14-184,2_14,184,2019,04195A4268,04198E15CA,19,NA,NA,NA,401,686
2_14-185,2_14,185,2019,04195A4268,04198E15CA,20,NA,NA,NA,NA,7
2_15-159,2_15,159,2019,04198E0F66,04198E94AC,1,136.5,148,NA,940,NA
2_15-160,2_15,160,2019,04198E0F66,04198E94AC,2,136.5,147,NA,742,NA
2_15-161,2_15,161,2019,04198E0F66,04198E94AC,3,136.5,126,NA,466,NA
2_15-162,2_15,162,2019,04198E0F66,04198E94AC,4,55.5,175,NA,327,NA
2_15-163,2_15,163,2019,04198E0F66,04198E94AC,5,55.5,205,NA,323,NA
2_15-164,2_15,164,2019,04198E0F66,04198E94AC,6,55.5,17,NA,26,NA
2_15-165,2_15,165,2019,04198E0F66,04198E94AC,7,36.5,1,9,1,215
2_15-166,2_15,166,2019,04198E0F66,04198E94AC,8,36.5,NA,39,NA,1049
2_15-167,2_15,167,2019,04198E0F66,04198E94AC,9,36.5,NA,13,NA,205
2_15-168,2_15,168,2019,04198E0F66,04198E94AC,10,20,NA,8,NA,123
2_15-169,2_15,169,2019,04198E0F66,04198E94AC,11,20,NA,1,NA,12
2_15-170,2_15,170,2019,04198E0F66,04198E94AC,12,20,NA,2,NA,33
2_19-153,2_19,153,2019,04198E48F1,,1,136.5,125,NA,390,NA
2_19-154,2_19,154,2019,04198E48F1,,2,136.5,87,NA,260,NA
2_20-153,2_20,153,2019,04198E48F8,0419AE930E,1,136.5,128,NA,303,NA
2_20-154,2_20,154,2019,04198E48F8,0419AE930E,2,136.5,117,NA,266,NA
2_20-155,2_20,155,2019,04198E48F8,0419AE930E,3,136.5,115,NA,290,NA
2_20-156,2_20,156,2019,04198E48F8,0419AE930E,4,55.5,165,NA,379,NA
2_20-157,2_20,157,2019,04198E48F8,0419AE930E,5,55.5,173,NA,370,NA
2_20-158,2_20,158,2019,04198E48F8,0419AE930E,6,55.5,148,NA,525,NA
2_20-159,2_20,159,2019,04198E48F8,0419AE930E,7,36.5,239,NA,749,NA
2_20-160,2_20,160,2019,04198E48F8,0419AE930E,8,36.5,227,NA,670,NA
2_20-161,2_20,161,2019,04198E48F8,0419AE930E,9,36.5,148,NA,297,NA
2_20-162,2_20,162,2019,04198E48F8,0419AE930E,10,20,211,NA,415,NA
2_20-163,2_20,163,2019,04198E48F8,0419AE930E,11,20,221,NA,431,NA
2_20-164,2_20,164,2019,04198E48F8,0419AE930E,12,20,101,NA,261,NA
2_20-165,2_20,165,2019,04198E48F8,0419AE930E,13,11,198,NA,415,NA
2_20-166,2_20,166,2019,04198E48F8,0419AE930E,14,11,222,NA,448,NA
2_20-167,2_20,167,2019,04198E48F8,0419AE930E,15,11,85,NA,189,NA
2_20-168,2_20,168,2019,04198E48F8,0419AE930E,16,25.5,199,NA,420,NA
2_20-169,2_20,169,2019,04198E48F8,0419AE930E,17,25.5,144,NA,307,NA
2_20-170,2_20,170,2019,04198E48F8,0419AE930E,18,25.5,150,NA,482,NA
2_20-171,2_20,171,2019,04198E48F8,0419AE930E,19,NA,NA,NA,78,NA
2_20-172,2_20,172,2019,04198E48F8,0419AE930E,20,NA,NA,NA,81,NA
2_20-173,2_20,173,2019,04198E48F8,0419AE930E,21,NA,NA,NA,105,NA
2_22-158,2_22,158,2019,04198E69FD,,1,136.5,49,NA,739,NA
2_29-158,2_29,158,2019,04195984BC,04198E8CDF,1,136.5,6,3,18,220
2_29-159,2_29,159,2019,04195984BC,04198E8CDF,2,136.5,84,68,569,3252
2_29-160,2_29,160,2019,04195984BC,04198E8CDF,3,136.5,127,97,590,2472
2_29-161,2_29,161,2019,04195984BC,04198E8CDF,4,55.5,149,129,399,774
2_29-162,2_29,162,2019,04195984BC,04198E8CDF,5,55.5,169,151,328,406
2_29-163,2_29,163,2019,04195984BC,04198E8CDF,6,55.5,162,155,451,698
2_29-164,2_29,164,2019,04195984BC,04198E8CDF,7,36.5,136,90,226,252
2_29-165,2_29,165,2019,04195984BC,04198E8CDF,8,36.5,207,139,543,395
2_29-166,2_29,166,2019,04195984BC,04198E8CDF,9,36.5,281,161,655,464
2_29-167,2_29,167,2019,04195984BC,04198E8CDF,10,20,73,38,164,87
2_29-168,2_29,168,2019,04195984BC,04198E8CDF,11,20,331,259,613,527
2_29-169,2_29,169,2019,04195984BC,04198E8CDF,12,20,281,163,859,652
2_29-170,2_29,170,2019,04195984BC,04198E8CDF,13,11,274,150,1181,1623
2_29-171,2_29,171,2019,04195984BC,04198E8CDF,14,11,274,136,584,446
2_29-172,2_29,172,2019,04195984BC,04198E8CDF,15,11,293,141,803,482
2_29-173,2_29,173,2019,04195984BC,04198E8CDF,16,25.5,219,172,955,826
2_29-174,2_29,174,2019,04195984BC,04198E8CDF,17,25.5,229,183,1263,1074
2_29-175,2_29,175,2019,04195984BC,04198E8CDF,18,25.5,164,168,497,474
2_29-176,2_29,176,2019,04195984BC,04198E8CDF,19,NA,NA,NA,659,388
2_29-177,2_29,177,2019,04195984BC,04198E8CDF,20,NA,NA,NA,241,198
2_29-178,2_29,178,2019,04195984BC,04198E8CDF,21,NA,NA,NA,59,46
2_3-158,2_3,158,2019,04198E288C,04198E1020,1,136.5,121,95,961,4997
2_3-159,2_3,159,2019,04198E288C,04198E1020,2,136.5,146,101,2813,3359
2_3-160,2_3,160,2019,04198E288C,04198E1020,3,136.5,135,122,2111,3128
2_3-161,2_3,161,2019,04198E288C,04198E1020,4,55.5,186,165,869,940
2_3-162,2_3,162,2019,04198E288C,04198E1020,5,55.5,259,190,581,864
2_3-163,2_3,163,2019,04198E288C,04198E1020,6,55.5,242,176,873,729
2_3-164,2_3,164,2019,04198E288C,04198E1020,7,36.5,214,119,362,458
2_3-165,2_3,165,2019,04198E288C,04198E1020,8,36.5,293,181,554,651
2_3-166,2_3,166,2019,04198E288C,04198E1020,9,36.5,348,263,711,896
2_3-167,2_3,167,2019,04198E288C,04198E1020,10,20,171,141,419,708
2_3-168,2_3,168,2019,04198E288C,04198E1020,11,20,434,268,1214,1105
2_3-169,2_3,169,2019,04198E288C,04198E1020,12,20,330,221,908,946
2_3-170,2_3,170,2019,04198E288C,04198E1020,13,11,374,181,1171,1429
2_3-171,2_3,171,2019,04198E288C,04198E1020,14,11,159,233,447,829
2_3-172,2_3,172,2019,04198E288C,04198E1020,15,11,291,144,769,445
2_3-173,2_3,173,2019,04198E288C,04198E1020,16,25.5,268,195,762,662
2_3-174,2_3,174,2019,04198E288C,04198E1020,17,25.5,191,184,521,714
2_3-175,2_3,175,2019,04198E288C,04198E1020,18,25.5,190,181,554,756
2_3-176,2_3,176,2019,04198E288C,04198E1020,19,NA,NA,NA,475,427
2_3-177,2_3,177,2019,04198E288C,04198E1020,20,NA,NA,NA,188,164
2_3-178,2_3,178,2019,04198E288C,04198E1020,21,NA,NA,NA,100,103
2_3-179,2_3,179,2019,04198E288C,04198E1020,22,NA,NA,NA,36,27
2_31-162,2_31,162,2019,04198E18E4,04195A217C,1,136.5,87,NA,288,NA
2_31-163,2_31,163,2019,04198E18E4,04195A217C,2,136.5,113,NA,458,NA
2_31-164,2_31,164,2019,04198E18E4,04195A217C,3,136.5,57,NA,180,NA
2_31-165,2_31,165,2019,04198E18E4,04195A217C,4,55.5,134,NA,454,NA
2_31-166,2_31,166,2019,04198E18E4,04195A217C,5,55.5,199,NA,387,NA
2_31-167,2_31,167,2019,04198E18E4,04195A217C,6,55.5,114,NA,278,NA
2_31-168,2_31,168,2019,04198E18E4,04195A217C,7,36.5,241,139,774,317
2_31-169,2_31,169,2019,04198E18E4,04195A217C,8,36.5,203,195,1689,369
2_31-170,2_31,170,2019,04198E18E4,04195A217C,9,36.5,206,248,2751,501
2_31-171,2_31,171,2019,04198E18E4,04195A217C,10,20,144,178,1529,332
2_31-172,2_31,172,2019,04198E18E4,04195A217C,11,20,189,238,748,463
2_31-173,2_31,173,2019,04198E18E4,04195A217C,12,20,162,280,547,517
2_31-174,2_31,174,2019,04198E18E4,04195A217C,13,11,194,324,1075,581
2_31-175,2_31,175,2019,04198E18E4,04195A217C,14,11,140,221,481,435
2_31-176,2_31,176,2019,04198E18E4,04195A217C,15,11,143,247,583,536
2_31-177,2_31,177,2019,04198E18E4,04195A217C,16,25.5,138,240,726,518
2_31-178,2_31,178,2019,04198E18E4,04195A217C,17,25.5,133,263,744,675
2_31-179,2_31,179,2019,04198E18E4,04195A217C,18,25.5,99,180,691,447
2_31-180,2_31,180,2019,04198E18E4,04195A217C,19,NA,NA,NA,344,292
2_31-181,2_31,181,2019,04198E18E4,04195A217C,20,NA,NA,NA,283,219
2_31-182,2_31,182,2019,04198E18E4,04195A217C,21,NA,NA,NA,223,143
2_31-183,2_31,183,2019,04198E18E4,04195A217C,22,NA,NA,NA,69,53
2_31-184,2_31,184,2019,04198E18E4,04195A217C,23,NA,NA,NA,2,10
2_32-157,2_32,157,2019,04198E176D,04198E4E1E,1,136.5,137,NA,352,NA
2_32-158,2_32,158,2019,04198E176D,04198E4E1E,2,136.5,146,NA,997,NA
2_32-159,2_32,159,2019,04198E176D,04198E4E1E,3,136.5,144,NA,2157,NA
2_32-160,2_32,160,2019,04198E176D,04198E4E1E,4,55.5,223,NA,3163,NA
2_32-161,2_32,161,2019,04198E176D,04198E4E1E,5,55.5,193,NA,499,NA
2_32-162,2_32,162,2019,04198E176D,04198E4E1E,6,55.5,20,13,51,217
2_32-164,2_32,164,2019,04198E176D,04198E4E1E,8,36.5,NA,1,NA,1
2_32-165,2_32,165,2019,04198E176D,04198E4E1E,9,36.5,NA,2,NA,5
2_32-166,2_32,166,2019,04198E176D,04198E4E1E,10,20,NA,5,NA,18
2_32-168,2_32,168,2019,04198E176D,04198E4E1E,12,20,NA,4,NA,8
2_32-169,2_32,169,2019,04198E176D,04198E4E1E,13,11,NA,1,NA,1
2_32-170,2_32,170,2019,04198E176D,04198E4E1E,14,11,NA,3,NA,5
2_32-173,2_32,173,2019,04198E176D,04198E4E1E,17,25.5,NA,1,NA,1
2_34-164,2_34,164,2019,04198E1624,04198E96B7,1,136.5,104,NA,186,NA
2_34-165,2_34,165,2019,04198E1624,04198E96B7,2,136.5,104,NA,213,NA
2_34-166,2_34,166,2019,04198E1624,04198E96B7,3,136.5,129,NA,288,NA
2_34-167,2_34,167,2019,04198E1624,04198E96B7,4,55.5,125,NA,194,NA
2_34-168,2_34,168,2019,04198E1624,04198E96B7,5,55.5,246,NA,380,NA
2_34-169,2_34,169,2019,04198E1624,04198E96B7,6,55.5,241,NA,470,NA
2_34-170,2_34,170,2019,04198E1624,04198E96B7,7,36.5,126,95,301,444
2_34-171,2_34,171,2019,04198E1624,04198E96B7,8,36.5,127,95,246,494
2_34-172,2_34,172,2019,04198E1624,04198E96B7,9,36.5,200,160,386,490
2_34-173,2_34,173,2019,04198E1624,04198E96B7,10,20,239,244,572,1068
2_34-174,2_34,174,2019,04198E1624,04198E96B7,11,20,282,275,730,1225
2_34-175,2_34,175,2019,04198E1624,04198E96B7,12,20,182,202,530,1286
2_34-176,2_34,176,2019,04198E1624,04198E96B7,13,11,284,262,733,663
2_34-177,2_34,177,2019,04198E1624,04198E96B7,14,11,254,216,673,824
2_34-178,2_34,178,2019,04198E1624,04198E96B7,15,11,261,181,759,1474
2_34-179,2_34,179,2019,04198E1624,04198E96B7,16,25.5,186,214,624,1020
2_34-180,2_34,180,2019,04198E1624,04198E96B7,17,25.5,167,210,455,588
2_34-181,2_34,181,2019,04198E1624,04198E96B7,18,25.5,168,209,486,506
2_34-182,2_34,182,2019,04198E1624,04198E96B7,19,NA,NA,NA,412,543
2_34-183,2_34,183,2019,04198E1624,04198E96B7,20,NA,NA,NA,239,246
2_34-184,2_34,184,2019,04198E1624,04198E96B7,21,NA,NA,NA,119,177
2_34-185,2_34,185,2019,04198E1624,04198E96B7,22,NA,NA,NA,252,60
2_34-186,2_34,186,2019,04198E1624,04198E96B7,23,NA,NA,NA,27,6
2_35-150,2_35,150,2019,04198E93C3,04198E5555,1,136.5,140,NA,454,NA
2_35-151,2_35,151,2019,04198E93C3,04198E5555,2,136.5,148,NA,664,NA
2_35-152,2_35,152,2019,04198E93C3,04198E5555,3,136.5,152,NA,1526,NA
2_35-153,2_35,153,2019,04198E93C3,04198E5555,4,55.5,222,NA,357,NA
2_35-154,2_35,154,2019,04198E93C3,04198E5555,5,55.5,149,NA,333,NA
2_35-155,2_35,155,2019,04198E93C3,04198E5555,6,55.5,29,NA,72,NA
2_35-156,2_35,156,2019,04198E93C3,04198E5555,7,36.5,129,86,212,255
2_35-157,2_35,157,2019,04198E93C3,04198E5555,8,36.5,254,66,464,363
2_35-158,2_35,158,2019,04198E93C3,04198E5555,9,36.5,292,50,664,556
2_35-159,2_35,159,2019,04198E93C3,04198E5555,10,20,302,161,1387,4387
2_35-160,2_35,160,2019,04198E93C3,04198E5555,11,20,308,202,702,5035
2_35-161,2_35,161,2019,04198E93C3,04198E5555,12,20,169,136,466,1883
2_35-162,2_35,162,2019,04198E93C3,04198E5555,13,11,240,173,468,2823
2_35-163,2_35,163,2019,04198E93C3,04198E5555,14,11,278,174,596,1334
2_35-164,2_35,164,2019,04198E93C3,04198E5555,15,11,163,57,380,344
2_35-165,2_35,165,2019,04198E93C3,04198E5555,16,25.5,162,89,414,679
2_35-166,2_35,166,2019,04198E93C3,04198E5555,17,25.5,178,139,420,634
2_35-167,2_35,167,2019,04198E93C3,04198E5555,18,25.5,52,44,139,131
2_35-168,2_35,168,2019,04198E93C3,04198E5555,19,NA,NA,NA,407,1711
2_35-169,2_35,169,2019,04198E93C3,04198E5555,20,NA,NA,NA,338,622
2_35-170,2_35,170,2019,04198E93C3,04198E5555,21,NA,NA,NA,357,876
2_35-171,2_35,171,2019,04198E93C3,04198E5555,22,NA,NA,NA,195,175
2_35-172,2_35,172,2019,04198E93C3,04198E5555,23,NA,NA,NA,13,24
2_39-153,2_39,153,2019,0419599DAD,04198E700D,1,136.5,NA,77,NA,2855
2_39-154,2_39,154,2019,0419599DAD,04198E700D,2,136.5,NA,106,NA,1844
2_39-155,2_39,155,2019,0419599DAD,04198E700D,3,136.5,NA,110,NA,2190
2_39-156,2_39,156,2019,0419599DAD,04198E700D,4,55.5,NA,133,NA,1999
2_39-157,2_39,157,2019,0419599DAD,04198E700D,5,55.5,NA,120,NA,946
2_39-158,2_39,158,2019,0419599DAD,04198E700D,6,55.5,NA,126,NA,648
2_39-159,2_39,159,2019,0419599DAD,04198E700D,7,36.5,NA,144,NA,1474
2_39-160,2_39,160,2019,0419599DAD,04198E700D,8,36.5,NA,170,NA,830
2_39-161,2_39,161,2019,0419599DAD,04198E700D,9,36.5,NA,116,NA,356
2_39-162,2_39,162,2019,0419599DAD,04198E700D,10,20,NA,180,NA,590
2_39-163,2_39,163,2019,0419599DAD,04198E700D,11,20,NA,208,NA,578
2_39-164,2_39,164,2019,0419599DAD,04198E700D,12,20,NA,124,NA,398
2_39-165,2_39,165,2019,0419599DAD,04198E700D,13,11,NA,138,NA,465
2_39-166,2_39,166,2019,0419599DAD,04198E700D,14,11,NA,210,NA,501
2_39-167,2_39,167,2019,0419599DAD,04198E700D,15,11,NA,54,NA,155
2_39-168,2_39,168,2019,0419599DAD,04198E700D,16,25.5,NA,200,NA,497
2_39-169,2_39,169,2019,0419599DAD,04198E700D,17,25.5,NA,149,NA,365
2_39-170,2_39,170,2019,0419599DAD,04198E700D,18,25.5,NA,176,NA,627
2_39-171,2_39,171,2019,0419599DAD,04198E700D,19,NA,NA,NA,NA,158
2_39-172,2_39,172,2019,0419599DAD,04198E700D,20,NA,NA,NA,NA,128
2_39-173,2_39,173,2019,0419599DAD,04198E700D,21,NA,NA,NA,NA,106
2_41-173,2_41,173,2019,04198E0727,04198E0727,17,25.5,34,34,90,90
2_41-174,2_41,174,2019,04198E0727,04198E0727,18,25.5,210,210,687,687
2_41-175,2_41,175,2019,04198E0727,04198E0727,19,NA,NA,NA,319,319
2_41-176,2_41,176,2019,04198E0727,04198E0727,20,NA,NA,NA,114,114
2_41-177,2_41,177,2019,04198E0727,04198E0727,21,NA,NA,NA,78,78
2_41-178,2_41,178,2019,04198E0727,04198E0727,22,NA,NA,NA,69,69
2_41-179,2_41,179,2019,04198E0727,04198E0727,23,NA,NA,NA,6,6
2_57-166,2_57,166,2019,04198E0D14,04195A4E88,6,55.5,NA,69,NA,197
2_57-167,2_57,167,2019,04198E0D14,04195A4E88,7,36.5,NA,13,NA,26
2_57-168,2_57,168,2019,04198E0D14,04195A4E88,8,36.5,NA,112,NA,340
2_57-169,2_57,169,2019,04198E0D14,04195A4E88,9,36.5,NA,129,NA,436
2_57-170,2_57,170,2019,04198E0D14,04195A4E88,10,20,NA,176,NA,433
2_57-171,2_57,171,2019,04198E0D14,04195A4E88,11,20,NA,95,NA,251
2_57-172,2_57,172,2019,04198E0D14,04195A4E88,12,20,NA,120,NA,282
2_57-173,2_57,173,2019,04198E0D14,04195A4E88,13,11,NA,153,NA,493
2_57-174,2_57,174,2019,04198E0D14,04195A4E88,14,11,NA,127,NA,314
2_57-175,2_57,175,2019,04198E0D14,04195A4E88,15,11,NA,79,NA,416
2_57-176,2_57,176,2019,04198E0D14,04195A4E88,16,25.5,NA,84,NA,308
2_57-177,2_57,177,2019,04198E0D14,04195A4E88,17,25.5,NA,57,NA,564
2_57-178,2_57,178,2019,04198E0D14,04195A4E88,18,25.5,NA,8,NA,250
2_62-166,2_62,166,2019,04195A5167,041917950B,7,36.5,NA,24,NA,44
2_62-167,2_62,167,2019,04195A5167,041917950B,8,36.5,NA,31,NA,54
2_62-168,2_62,168,2019,04195A5167,041917950B,9,36.5,NA,231,NA,505
2_62-169,2_62,169,2019,04195A5167,041917950B,10,20,NA,201,NA,510
2_62-170,2_62,170,2019,04195A5167,041917950B,11,20,NA,247,NA,624
2_62-171,2_62,171,2019,04195A5167,041917950B,12,20,NA,6,NA,20
2_64-162,2_64,162,2019,04198E2886,04198E8098,1,136.5,NA,72,NA,473
2_64-163,2_64,163,2019,04198E2886,04198E8098,2,136.5,NA,105,NA,788
2_64-164,2_64,164,2019,04198E2886,04198E8098,3,136.5,NA,43,NA,177
2_64-165,2_64,165,2019,04198E2886,04198E8098,4,55.5,NA,66,NA,297
2_64-166,2_64,166,2019,04198E2886,04198E8098,5,55.5,NA,146,NA,484
2_64-167,2_64,167,2019,04198E2886,04198E8098,6,55.5,NA,51,NA,162
2_64-168,2_64,168,2019,04198E2886,04198E8098,7,36.5,NA,73,NA,525
2_64-169,2_64,169,2019,04198E2886,04198E8098,8,36.5,NA,30,NA,1114
2_64-170,2_64,170,2019,04198E2886,04198E8098,9,36.5,NA,11,NA,285
2_72-165,2_72,165,2019,04198E8363,041917C0BD,1,136.5,136,NA,490,NA
2_72-166,2_72,166,2019,04198E8363,041917C0BD,2,136.5,140,NA,841,NA
2_72-167,2_72,167,2019,04198E8363,041917C0BD,3,136.5,103,NA,349,NA
2_72-168,2_72,168,2019,04198E8363,041917C0BD,4,55.5,269,NA,2127,NA
2_72-169,2_72,169,2019,04198E8363,041917C0BD,5,55.5,250,NA,1094,NA
2_72-170,2_72,170,2019,04198E8363,041917C0BD,6,55.5,154,NA,762,NA
2_72-171,2_72,171,2019,04198E8363,041917C0BD,7,36.5,132,NA,528,NA
2_72-172,2_72,172,2019,04198E8363,041917C0BD,8,36.5,206,NA,621,NA
2_72-173,2_72,173,2019,04198E8363,041917C0BD,9,36.5,265,165,870,488
2_72-174,2_72,174,2019,04198E8363,041917C0BD,10,20,296,292,1019,745
2_72-175,2_72,175,2019,04198E8363,041917C0BD,11,20,233,249,890,625
2_72-176,2_72,176,2019,04198E8363,041917C0BD,12,20,249,193,724,705
2_72-177,2_72,177,2019,04198E8363,041917C0BD,13,11,75,300,317,802
2_72-178,2_72,178,2019,04198E8363,041917C0BD,14,11,123,279,900,695
2_72-179,2_72,179,2019,04198E8363,041917C0BD,15,11,192,217,971,630
2_72-180,2_72,180,2019,04198E8363,041917C0BD,16,25.5,201,206,748,607
2_72-181,2_72,181,2019,04198E8363,041917C0BD,17,25.5,192,191,618,619
2_72-182,2_72,182,2019,04198E8363,041917C0BD,18,25.5,131,144,310,441
2_72-183,2_72,183,2019,04198E8363,041917C0BD,19,NA,NA,NA,130,148
2_72-184,2_72,184,2019,04198E8363,041917C0BD,20,NA,NA,NA,113,99
2_75-157,2_75,157,2019,04195A30B4,04195A4C62,1,136.5,153,NA,649,NA
2_75-158,2_75,158,2019,04195A30B4,04195A4C62,2,136.5,161,NA,2228,NA
2_75-159,2_75,159,2019,04195A30B4,04195A4C62,3,136.5,132,NA,3687,NA
2_75-160,2_75,160,2019,04195A30B4,04195A4C62,4,55.5,263,NA,1898,NA
2_75-161,2_75,161,2019,04195A30B4,04195A4C62,5,55.5,237,NA,507,NA
2_75-162,2_75,162,2019,04195A30B4,04195A4C62,6,55.5,156,NA,335,NA
2_75-163,2_75,163,2019,04195A30B4,04195A4C62,7,36.5,237,70,624,169
2_75-164,2_75,164,2019,04195A30B4,04195A4C62,8,36.5,144,40,262,105
2_75-165,2_75,165,2019,04195A30B4,04195A4C62,9,36.5,202,87,420,251
2_75-166,2_75,166,2019,04195A30B4,04195A4C62,10,20,266,118,588,289
2_75-167,2_75,167,2019,04195A30B4,04195A4C62,11,20,158,70,475,222
2_75-168,2_75,168,2019,04195A30B4,04195A4C62,12,20,324,206,730,518
2_75-169,2_75,169,2019,04195A30B4,04195A4C62,13,11,326,243,693,765
2_75-170,2_75,170,2019,04195A30B4,04195A4C62,14,11,325,253,747,795
2_75-171,2_75,171,2019,04195A30B4,04195A4C62,15,11,216,122,535,389
2_75-172,2_75,172,2019,04195A30B4,04195A4C62,16,25.5,249,180,698,741
2_75-173,2_75,173,2019,04195A30B4,04195A4C62,17,25.5,280,227,703,756
2_75-174,2_75,174,2019,04195A30B4,04195A4C62,18,25.5,72,56,211,219
2_75-178,2_75,178,2019,04195A30B4,04195A4C62,22,NA,NA,NA,110,193
2_75-179,2_75,179,2019,04195A30B4,04195A4C62,23,NA,NA,NA,81,80
2_78-162,2_78,162,2019,04195A6DE8,04198E747F,1,136.5,127,51,698,1143
2_78-163,2_78,163,2019,04195A6DE8,04198E747F,2,136.5,140,54,454,3258
2_78-164,2_78,164,2019,04195A6DE8,04198E747F,3,136.5,86,46,259,1829
2_78-165,2_78,165,2019,04195A6DE8,04198E747F,4,55.5,128,88,388,2240
2_78-166,2_78,166,2019,04195A6DE8,04198E747F,5,55.5,161,97,481,2299
2_78-167,2_78,167,2019,04195A6DE8,04198E747F,6,55.5,146,69,290,578
2_78-168,2_78,168,2019,04195A6DE8,04198E747F,7,36.5,152,127,1129,1919
2_78-169,2_78,169,2019,04195A6DE8,04198E747F,8,36.5,205,138,1061,1394
2_78-170,2_78,170,2019,04195A6DE8,04198E747F,9,36.5,223,130,2564,3372
2_78-171,2_78,171,2019,04195A6DE8,04198E747F,10,20,221,154,916,528
2_78-172,2_78,172,2019,04195A6DE8,04198E747F,11,20,271,201,696,685
2_78-173,2_78,173,2019,04195A6DE8,04198E747F,12,20,221,125,1306,857
2_78-174,2_78,174,2019,04195A6DE8,04198E747F,13,11,234,159,1158,1584
2_78-175,2_78,175,2019,04195A6DE8,04198E747F,14,11,205,155,887,1066
2_78-176,2_78,176,2019,04195A6DE8,04198E747F,15,11,211,130,1442,515
2_78-177,2_78,177,2019,04195A6DE8,04198E747F,16,25.5,189,106,908,764
2_78-178,2_78,178,2019,04195A6DE8,04198E747F,17,25.5,136,123,701,957
2_78-179,2_78,179,2019,04195A6DE8,04198E747F,18,25.5,125,108,1224,674
2_78-180,2_78,180,2019,04195A6DE8,04198E747F,19,NA,NA,NA,657,358
2_78-181,2_78,181,2019,04195A6DE8,04198E747F,20,NA,NA,NA,968,211
2_78-182,2_78,182,2019,04195A6DE8,04198E747F,21,NA,NA,NA,451,103
2_78-183,2_78,183,2019,04195A6DE8,04198E747F,22,NA,NA,NA,65,99
2_78-184,2_78,184,2019,04195A6DE8,04198E747F,23,NA,NA,NA,NA,1
2_80-153,2_80,153,2019,04198E1CC6,04198E6EB7,1,136.5,140,NA,629,NA
2_80-154,2_80,154,2019,04198E1CC6,04198E6EB7,2,136.5,123,NA,422,NA
2_80-155,2_80,155,2019,04198E1CC6,04198E6EB7,3,136.5,142,NA,835,NA
2_80-156,2_80,156,2019,04198E1CC6,04198E6EB7,4,55.5,219,NA,454,NA
2_80-157,2_80,157,2019,04198E1CC6,04198E6EB7,5,55.5,263,NA,818,NA
2_80-158,2_80,158,2019,04198E1CC6,04198E6EB7,6,55.5,267,159,866,545
2_80-159,2_80,159,2019,04198E1CC6,04198E6EB7,7,36.5,322,249,932,722
2_80-160,2_80,160,2019,04198E1CC6,04198E6EB7,8,36.5,336,261,978,716
2_80-161,2_80,161,2019,04198E1CC6,04198E6EB7,9,36.5,225,176,576,427
2_80-162,2_80,162,2019,04198E1CC6,04198E6EB7,10,20,339,213,807,519
2_80-163,2_80,163,2019,04198E1CC6,04198E6EB7,11,20,319,260,932,592
2_80-164,2_80,164,2019,04198E1CC6,04198E6EB7,12,20,152,128,459,301
2_80-165,2_80,165,2019,04198E1CC6,04198E6EB7,13,11,274,272,743,584
2_80-166,2_80,166,2019,04198E1CC6,04198E6EB7,14,11,273,233,692,504
2_80-167,2_80,167,2019,04198E1CC6,04198E6EB7,15,11,94,177,294,342
2_80-168,2_80,168,2019,04198E1CC6,04198E6EB7,16,25.5,239,111,953,854
2_80-169,2_80,169,2019,04198E1CC6,04198E6EB7,17,25.5,146,106,1218,1204
2_80-170,2_80,170,2019,04198E1CC6,04198E6EB7,18,25.5,107,35,703,399
2_80-171,2_80,171,2019,04198E1CC6,04198E6EB7,19,NA,NA,NA,163,77
2_82-157,2_82,157,2019,04195A3E09,04198E48F4,1,136.5,69,54,132,1176
2_82-158,2_82,158,2019,04195A3E09,04198E48F4,2,136.5,72,71,236,1282
2_82-159,2_82,159,2019,04195A3E09,04198E48F4,3,136.5,14,13,55,200
2_82-160,2_82,160,2019,04195A3E09,04198E48F4,4,55.5,228,205,361,746
2_82-161,2_82,161,2019,04195A3E09,04198E48F4,5,55.5,240,220,390,585
2_82-162,2_82,162,2019,04195A3E09,04198E48F4,6,55.5,173,98,372,211
2_82-163,2_82,163,2019,04195A3E09,04198E48F4,7,36.5,301,124,673,292
2_82-164,2_82,164,2019,04195A3E09,04198E48F4,8,36.5,91,5,184,10
2_82-165,2_82,165,2019,04195A3E09,04198E48F4,9,36.5,132,43,227,130
2_82-166,2_82,166,2019,04195A3E09,04198E48F4,10,20,199,161,292,445
2_82-167,2_82,167,2019,04195A3E09,04198E48F4,11,20,59,85,89,152
2_82-168,2_82,168,2019,04195A3E09,04198E48F4,12,20,182,90,680,1949
2_82-169,2_82,169,2019,04195A3E09,04198E48F4,13,11,4,26,85,267
2_82-170,2_82,170,2019,04195A3E09,04198E48F4,14,11,NA,2,NA,15
2_82-175,2_82,175,2019,04195A3E09,04198E48F4,19,NA,NA,NA,NA,14
2_85-162,2_85,162,2019,04198E930A,04198EA878,1,136.5,147,NA,282,NA
2_85-163,2_85,163,2019,04198E930A,04198EA878,2,136.5,168,NA,382,NA
2_85-164,2_85,164,2019,04198E930A,04198EA878,3,136.5,125,NA,202,NA
2_85-165,2_85,165,2019,04198E930A,04198EA878,4,55.5,199,NA,307,NA
2_85-166,2_85,166,2019,04198E930A,04198EA878,5,55.5,274,NA,504,NA
2_85-167,2_85,167,2019,04198E930A,04198EA878,6,55.5,151,NA,289,NA
2_85-168,2_85,168,2019,04198E930A,04198EA878,7,36.5,301,142,697,1203
2_85-169,2_85,169,2019,04198E930A,04198EA878,8,36.5,289,168,709,1855
2_85-170,2_85,170,2019,04198E930A,04198EA878,9,36.5,316,280,871,2717
2_85-171,2_85,171,2019,04198E930A,04198EA878,10,20,273,233,1147,1801
2_85-172,2_85,172,2019,04198E930A,04198EA878,11,20,268,305,777,1604
2_85-173,2_85,173,2019,04198E930A,04198EA878,12,20,307,303,760,1231
2_85-174,2_85,174,2019,04198E930A,04198EA878,13,11,289,279,755,1033
2_85-175,2_85,175,2019,04198E930A,04198EA878,14,11,247,277,550,1542
2_85-176,2_85,176,2019,04198E930A,04198EA878,15,11,274,291,1007,1472
2_85-177,2_85,177,2019,04198E930A,04198EA878,16,25.5,176,304,693,1390
2_85-178,2_85,178,2019,04198E930A,04198EA878,17,25.5,179,325,678,1512
2_85-179,2_85,179,2019,04198E930A,04198EA878,18,25.5,132,207,562,1103
2_85-180,2_85,180,2019,04198E930A,04198EA878,19,NA,NA,NA,312,413
2_85-181,2_85,181,2019,04198E930A,04198EA878,20,NA,NA,NA,297,554
2_85-182,2_85,182,2019,04198E930A,04198EA878,21,NA,NA,NA,204,369
2_85-183,2_85,183,2019,04198E930A,04198EA878,22,NA,NA,NA,32,162
2_9-161,2_9,161,2019,04195A34D0,04198EA970,1,136.5,107,76,409,609
2_9-162,2_9,162,2019,04195A34D0,04198EA970,2,136.5,102,85,260,376
2_9-163,2_9,163,2019,04195A34D0,04198EA970,3,136.5,107,100,437,554
2_9-164,2_9,164,2019,04195A34D0,04198EA970,4,55.5,85,58,232,195
2_9-165,2_9,165,2019,04195A34D0,04198EA970,5,55.5,131,92,354,234
2_9-166,2_9,166,2019,04195A34D0,04198EA970,6,55.5,144,130,571,342
2_9-167,2_9,167,2019,04195A34D0,04198EA970,7,36.5,88,66,171,149
2_9-168,2_9,168,2019,04195A34D0,04198EA970,8,36.5,191,131,765,351
2_9-169,2_9,169,2019,04195A34D0,04198EA970,9,36.5,175,123,537,340
2_9-170,2_9,170,2019,04195A34D0,04198EA970,10,20,219,169,1046,440
2_9-171,2_9,171,2019,04195A34D0,04198EA970,11,20,159,111,546,253
2_9-172,2_9,172,2019,04195A34D0,04198EA970,12,20,193,125,455,280
2_9-173,2_9,173,2019,04195A34D0,04198EA970,13,11,230,144,895,349
2_9-174,2_9,174,2019,04195A34D0,04198EA970,14,11,195,129,1268,386
2_9-175,2_9,175,2019,04195A34D0,04198EA970,15,11,152,123,596,473
2_9-176,2_9,176,2019,04195A34D0,04198EA970,16,25.5,216,134,680,454
2_9-177,2_9,177,2019,04195A34D0,04198EA970,17,25.5,156,136,520,453
2_9-178,2_9,178,2019,04195A34D0,04198EA970,18,25.5,164,94,477,312
2_9-179,2_9,179,2019,04195A34D0,04198EA970,19,NA,NA,NA,339,135
2_9-180,2_9,180,2019,04195A34D0,04198EA970,20,NA,NA,NA,112,90
2_9-181,2_9,181,2019,04195A34D0,04198EA970,21,NA,NA,NA,197,78
2_9-182,2_9,182,2019,04195A34D0,04198EA970,22,NA,NA,NA,67,8
2_94-155,2_94,155,2019,04198E3DE1,04198E31C2,1,136.5,119,NA,639,NA
2_94-156,2_94,156,2019,04198E3DE1,04198E31C2,2,136.5,160,NA,852,NA
2_94-157,2_94,157,2019,04198E3DE1,04198E31C2,3,136.5,138,NA,1183,NA
2_94-158,2_94,158,2019,04198E3DE1,04198E31C2,4,55.5,232,NA,853,NA
2_94-159,2_94,159,2019,04198E3DE1,04198E31C2,5,55.5,275,NA,1389,NA
2_94-160,2_94,160,2019,04198E3DE1,04198E31C2,6,55.5,303,NA,1732,NA
2_94-161,2_94,161,2019,04198E3DE1,04198E31C2,7,36.5,216,102,631,550
2_94-162,2_94,162,2019,04198E3DE1,04198E31C2,8,36.5,171,83,620,645
2_94-163,2_94,163,2019,04198E3DE1,04198E31C2,9,36.5,115,74,493,661
2_94-164,2_94,164,2019,04198E3DE1,04198E31C2,10,20,224,162,607,1493
2_94-165,2_94,165,2019,04198E3DE1,04198E31C2,11,20,107,78,233,308
2_94-166,2_94,166,2019,04198E3DE1,04198E31C2,12,20,168,127,417,562
2_94-167,2_94,167,2019,04198E3DE1,04198E31C2,13,11,220,177,505,1243
2_94-168,2_94,168,2019,04198E3DE1,04198E31C2,14,11,97,76,209,565
2_94-169,2_94,169,2019,04198E3DE1,04198E31C2,15,11,307,120,1255,2158
2_94-170,2_94,170,2019,04198E3DE1,04198E31C2,16,25.5,187,65,1448,2106
2_94-171,2_94,171,2019,04198E3DE1,04198E31C2,17,25.5,144,85,994,4910
2_94-172,2_94,172,2019,04198E3DE1,04198E31C2,18,25.5,137,69,372,1661
2_94-173,2_94,173,2019,04198E3DE1,04198E31C2,19,NA,NA,NA,546,1346
2_94-174,2_94,174,2019,04198E3DE1,04198E31C2,20,NA,NA,NA,82,164
2_99-176,2_99,176,2019,04198E0F8D,04198E22D3,15,11,108,139,475,359
2_99-177,2_99,177,2019,04198E0F8D,04198E22D3,16,25.5,177,266,861,607
2_99-178,2_99,178,2019,04198E0F8D,04198E22D3,17,25.5,197,237,941,671
2_99-179,2_99,179,2019,04198E0F8D,04198E22D3,18,25.5,149,120,580,284
2_99-180,2_99,180,2019,04198E0F8D,04198E22D3,19,NA,NA,NA,376,134
2_99-181,2_99,181,2019,04198E0F8D,04198E22D3,20,NA,NA,NA,372,183
2_99-182,2_99,182,2019,04198E0F8D,04198E22D3,21,NA,NA,NA,135,23
4_12-161,4_12,161,2019,04198E7394,,1,136.5,9,NA,22,NA
4_12-162,4_12,162,2019,04198E7394,,2,136.5,10,NA,12,NA
4_12-163,4_12,163,2019,04198E7394,,3,136.5,18,NA,18,NA
4_12-164,4_12,164,2019,04198E7394,,4,55.5,8,NA,24,NA
4_12-165,4_12,165,2019,04198E7394,,5,55.5,17,NA,19,NA
4_12-166,4_12,166,2019,04198E7394,,6,55.5,14,NA,16,NA
4_12-167,4_12,167,2019,04198E7394,,7,36.5,6,NA,7,NA
4_12-168,4_12,168,2019,04198E7394,,8,36.5,17,NA,26,NA
4_12-169,4_12,169,2019,04198E7394,,9,36.5,18,NA,34,NA
4_12-170,4_12,170,2019,04198E7394,,10,20,22,NA,28,NA
4_12-171,4_12,171,2019,04198E7394,,11,20,10,NA,10,NA
4_12-172,4_12,172,2019,04198E7394,,12,20,14,NA,14,NA
4_12-173,4_12,173,2019,04198E7394,,13,11,18,NA,18,NA
4_12-174,4_12,174,2019,04198E7394,,14,11,15,NA,16,NA
4_12-175,4_12,175,2019,04198E7394,,15,11,16,NA,17,NA
4_12-176,4_12,176,2019,04198E7394,,16,25.5,8,NA,8,NA
4_12-177,4_12,177,2019,04198E7394,,17,25.5,16,NA,17,NA
4_12-178,4_12,178,2019,04198E7394,,18,25.5,7,NA,8,NA
4_12-179,4_12,179,2019,04198E7394,,19,NA,NA,NA,15,NA
4_12-180,4_12,180,2019,04198E7394,,20,NA,NA,NA,7,NA
4_12-181,4_12,181,2019,04198E7394,,21,NA,NA,NA,8,NA
4_12-182,4_12,182,2019,04198E7394,,22,NA,NA,NA,5,NA
4_12-183,4_12,183,2019,04198E7394,,23,NA,NA,NA,1,NA
4_18-160,4_18,160,2019,04198E5360,,1,136.5,27,NA,33,NA
4_18-161,4_18,161,2019,04198E5360,,2,136.5,33,NA,36,NA
4_18-162,4_18,162,2019,04198E5360,,3,136.5,42,NA,53,NA
4_18-163,4_18,163,2019,04198E5360,,4,55.5,86,NA,104,NA
4_18-164,4_18,164,2019,04198E5360,,5,55.5,22,NA,24,NA
4_18-165,4_18,165,2019,04198E5360,,6,55.5,81,NA,98,NA
4_18-166,4_18,166,2019,04198E5360,,7,36.5,117,NA,145,NA
4_18-167,4_18,167,2019,04198E5360,,8,36.5,40,NA,47,NA
4_18-168,4_18,168,2019,04198E5360,,9,36.5,50,NA,59,NA
4_18-172,4_18,172,2019,04198E5360,,13,11,114,NA,130,NA
4_18-173,4_18,173,2019,04198E5360,,14,11,200,NA,232,NA
4_18-174,4_18,174,2019,04198E5360,,15,11,247,NA,301,NA
4_18-175,4_18,175,2019,04198E5360,,16,25.5,286,NA,357,NA
4_18-176,4_18,176,2019,04198E5360,,17,25.5,82,NA,93,NA
4_18-182,4_18,182,2019,04198E5360,,23,NA,NA,NA,19,NA
4_18-183,4_18,183,2019,04198E5360,,24,NA,NA,NA,1,NA
4_61-179,4_61,179,2019,04198E48E9,04198E04BC,16,25.5,93,154,146,453
4_61-180,4_61,180,2019,04198E48E9,04198E04BC,17,25.5,62,68,82,194
4_61-181,4_61,181,2019,04198E48E9,04198E04BC,18,25.5,34,40,45,105
4_61-182,4_61,182,2019,04198E48E9,04198E04BC,19,NA,NA,NA,4,9
4_61-183,4_61,183,2019,04198E48E9,04198E04BC,20,NA,NA,NA,3,7
4_61-184,4_61,184,2019,04198E48E9,04198E04BC,21,NA,NA,NA,NA,1
4_7-162,4_7,162,2019,04198E3FCB,,1,136.5,72,NA,122,NA
4_7-163,4_7,163,2019,04198E3FCB,,2,136.5,98,NA,431,NA
4_7-164,4_7,164,2019,04198E3FCB,,3,136.5,2,NA,2,NA
4_7-165,4_7,165,2019,04198E3FCB,,4,55.5,1,NA,1,NA
4_71-160,4_71,160,2019,04198EA877,,1,136.5,7,NA,8,NA
4_71-161,4_71,161,2019,04198EA877,,2,136.5,15,NA,16,NA
4_71-162,4_71,162,2019,04198EA877,,3,136.5,17,NA,17,NA
4_71-163,4_71,163,2019,04198EA877,,4,55.5,13,NA,13,NA
4_71-164,4_71,164,2019,04198EA877,,5,55.5,14,NA,15,NA
4_71-165,4_71,165,2019,04198EA877,,6,55.5,30,NA,30,NA
4_71-166,4_71,166,2019,04198EA877,,7,36.5,23,NA,23,NA
4_71-167,4_71,167,2019,04198EA877,,8,36.5,32,NA,46,NA
4_71-168,4_71,168,2019,04198EA877,,9,36.5,117,NA,140,NA
4_71-169,4_71,169,2019,04198EA877,,10,20,86,NA,97,NA
4_71-170,4_71,170,2019,04198EA877,,11,20,90,NA,98,NA
4_71-171,4_71,171,2019,04198EA877,,12,20,80,NA,109,NA
4_71-172,4_71,172,2019,04198EA877,,13,11,52,NA,56,NA
4_71-173,4_71,173,2019,04198EA877,,14,11,38,NA,39,NA
4_71-174,4_71,174,2019,04198EA877,,15,11,60,NA,65,NA
4_71-175,4_71,175,2019,04198EA877,,16,25.5,94,NA,105,NA
4_71-176,4_71,176,2019,04198EA877,,17,25.5,34,NA,41,NA
4_71-177,4_71,177,2019,04198EA877,,18,25.5,19,NA,22,NA
4_71-178,4_71,178,2019,04198EA877,,19,NA,NA,NA,12,NA
4_71-179,4_71,179,2019,04198EA877,,20,NA,NA,NA,1,NA
4_78-158,4_78,158,2019,04198E995E,,1,136.5,45,NA,108,NA
4_78-159,4_78,159,2019,04198E995E,,2,136.5,46,NA,58,NA
4_78-160,4_78,160,2019,04198E995E,,3,136.5,62,NA,84,NA
4_78-161,4_78,161,2019,04198E995E,,4,55.5,49,NA,51,NA
4_78-162,4_78,162,2019,04198E995E,,5,55.5,45,NA,46,NA
4_78-163,4_78,163,2019,04198E995E,,6,55.5,23,NA,24,NA
4_78-164,4_78,164,2019,04198E995E,,7,36.5,37,NA,37,NA
4_78-165,4_78,165,2019,04198E995E,,8,36.5,67,NA,71,NA
4_78-166,4_78,166,2019,04198E995E,,9,36.5,176,NA,199,NA
4_78-167,4_78,167,2019,04198E995E,,10,20,60,NA,68,NA
4_80-158,4_80,158,2019,04198EAC13,,1,136.5,12,NA,24,NA
4_80-159,4_80,159,2019,04198EAC13,,2,136.5,23,NA,75,NA
4_80-160,4_80,160,2019,04198EAC13,,3,136.5,11,NA,12,NA
4_80-161,4_80,161,2019,04198EAC13,,4,55.5,11,NA,12,NA
4_84-165,4_84,165,2019,04198E2105,,1,136.5,99,NA,164,NA
4_84-166,4_84,166,2019,04198E2105,,2,136.5,103,NA,440,NA
4_84-167,4_84,167,2019,04198E2105,,3,136.5,97,NA,187,NA
4_84-168,4_84,168,2019,04198E2105,,4,55.5,188,NA,1182,NA
4_84-169,4_84,169,2019,04198E2105,,5,55.5,169,NA,1015,NA
4_84-170,4_84,170,2019,04198E2105,,6,55.5,205,NA,1445,NA
4_84-171,4_84,171,2019,04198E2105,,7,36.5,167,NA,637,NA
4_84-172,4_84,172,2019,04198E2105,,8,36.5,224,NA,652,NA
4_84-173,4_84,173,2019,04198E2105,,9,36.5,237,NA,769,NA
4_84-174,4_84,174,2019,04198E2105,,10,20,312,NA,1092,NA
4_84-175,4_84,175,2019,04198E2105,,11,20,252,NA,712,NA
4_84-176,4_84,176,2019,04198E2105,,12,20,247,NA,413,NA
4_84-177,4_84,177,2019,04198E2105,,13,11,278,NA,599,NA
4_84-178,4_84,178,2019,04198E2105,,14,11,236,NA,667,NA
4_84-179,4_84,179,2019,04198E2105,,15,11,228,NA,593,NA
4_84-180,4_84,180,2019,04198E2105,,16,25.5,122,NA,264,NA
4_84-181,4_84,181,2019,04198E2105,,17,25.5,59,NA,126,NA
4_84-182,4_84,182,2019,04198E2105,,18,25.5,27,NA,37,NA
4_84-183,4_84,183,2019,04198E2105,,19,NA,NA,NA,14,NA
4_87-159,4_87,159,2019,04198E12B6,,1,136.5,25,NA,29,NA
4_87-160,4_87,160,2019,04198E12B6,,2,136.5,30,NA,34,NA
4_87-164,4_87,164,2019,04198E12B6,,6,55.5,87,NA,184,NA
4_87-165,4_87,165,2019,04198E12B6,,7,36.5,198,NA,291,NA
4_87-166,4_87,166,2019,04198E12B6,,8,36.5,152,NA,244,NA
4_87-167,4_87,167,2019,04198E12B6,,9,36.5,97,NA,125,NA
4_87-168,4_87,168,2019,04198E12B6,,10,20,237,NA,494,NA
4_87-169,4_87,169,2019,04198E12B6,,11,20,221,NA,521,NA
4_87-170,4_87,170,2019,04198E12B6,,12,20,287,NA,984,NA
4_87-171,4_87,171,2019,04198E12B6,,13,11,109,NA,219,NA
4_87-172,4_87,172,2019,04198E12B6,,14,11,252,NA,643,NA
4_87-173,4_87,173,2019,04198E12B6,,15,11,226,NA,701,NA
4_87-174,4_87,174,2019,04198E12B6,,16,25.5,292,NA,1640,NA
4_87-175,4_87,175,2019,04198E12B6,,17,25.5,159,NA,760,NA
4_87-176,4_87,176,2019,04198E12B6,,18,25.5,140,NA,396,NA
4_87-177,4_87,177,2019,04198E12B6,,19,NA,NA,NA,349,NA
4_87-178,4_87,178,2019,04198E12B6,,20,NA,NA,NA,120,NA
4_93-160,4_93,160,2019,04198E4CEE,,1,136.5,10,NA,11,NA
4_93-161,4_93,161,2019,04198E4CEE,,2,136.5,14,NA,21,NA
4_93-162,4_93,162,2019,04198E4CEE,,3,136.5,3,NA,3,NA
4_93-166,4_93,166,2019,04198E4CEE,,7,36.5,90,NA,261,NA
4_93-167,4_93,167,2019,04198E4CEE,,8,36.5,59,NA,82,NA
4_93-168,4_93,168,2019,04198E4CEE,,9,36.5,158,NA,267,NA
4_93-169,4_93,169,2019,04198E4CEE,,10,20,141,NA,372,NA
4_93-170,4_93,170,2019,04198E4CEE,,11,20,171,NA,320,NA
4_93-171,4_93,171,2019,04198E4CEE,,12,20,101,NA,175,NA
4_93-172,4_93,172,2019,04198E4CEE,,13,11,121,NA,167,NA
4_93-173,4_93,173,2019,04198E4CEE,,14,11,139,NA,640,NA
4_93-174,4_93,174,2019,04198E4CEE,,15,11,148,NA,752,NA
4_93-175,4_93,175,2019,04198E4CEE,,16,25.5,142,NA,536,NA
4_93-176,4_93,176,2019,04198E4CEE,,17,25.5,74,NA,421,NA
4_93-177,4_93,177,2019,04198E4CEE,,18,25.5,42,NA,209,NA
4_93-178,4_93,178,2019,04198E4CEE,,19,NA,NA,NA,77,NA
4_93-179,4_93,179,2019,04198E4CEE,,20,NA,NA,NA,17,NA
4_93-180,4_93,180,2019,04198E4CEE,,21,NA,NA,NA,8,NA
4_94-156,4_94,156,2019,04195984C1,,1,136.5,26,NA,27,NA
4_94-157,4_94,157,2019,04195984C1,,2,136.5,44,NA,48,NA
4_94-158,4_94,158,2019,04195984C1,,3,136.5,35,NA,41,NA
4_94-159,4_94,159,2019,04195984C1,,4,55.5,69,NA,71,NA
4_94-160,4_94,160,2019,04195984C1,,5,55.5,67,NA,76,NA
4_94-161,4_94,161,2019,04195984C1,,6,55.5,46,NA,52,NA
4_94-162,4_94,162,2019,04195984C1,,7,36.5,58,NA,69,NA
4_94-163,4_94,163,2019,04195984C1,,8,36.5,106,NA,111,NA
4_94-164,4_94,164,2019,04195984C1,,9,36.5,46,NA,51,NA
4_94-165,4_94,165,2019,04195984C1,,10,20,120,NA,184,NA
4_94-166,4_94,166,2019,04195984C1,,11,20,129,NA,160,NA
4_94-167,4_94,167,2019,04195984C1,,12,20,88,NA,136,NA
4_94-168,4_94,168,2019,04195984C1,,13,11,163,NA,265,NA
4_94-169,4_94,169,2019,04195984C1,,14,11,134,NA,236,NA
4_94-170,4_94,170,2019,04195984C1,,15,11,158,NA,267,NA
4_94-171,4_94,171,2019,04195984C1,,16,25.5,104,NA,179,NA
4_94-172,4_94,172,2019,04195984C1,,17,25.5,63,NA,116,NA
4_94-173,4_94,173,2019,04195984C1,,18,25.5,59,NA,123,NA
4_94-174,4_94,174,2019,04195984C1,,19,NA,NA,NA,101,NA
4_94-175,4_94,175,2019,04195984C1,,20,NA,NA,NA,37,NA
4_95-163,4_95,163,2019,04198E4711,,2,136.5,NA,NA,1,NA
4_95-164,4_95,164,2019,04198E4711,,3,136.5,5,NA,6,NA
4_95-168,4_95,168,2019,04198E4711,,7,36.5,28,NA,29,NA
4_95-169,4_95,169,2019,04198E4711,,8,36.5,27,NA,27,NA
4_95-170,4_95,170,2019,04198E4711,,9,36.5,42,NA,42,NA
4_95-171,4_95,171,2019,04198E4711,,10,20,24,NA,25,NA
4_95-172,4_95,172,2019,04198E4711,,11,20,54,NA,55,NA
4_95-173,4_95,173,2019,04198E4711,,12,20,42,NA,47,NA
4_95-174,4_95,174,2019,04198E4711,,13,11,69,NA,71,NA
4_95-175,4_95,175,2019,04198E4711,,14,11,76,NA,81,NA
4_95-176,4_95,176,2019,04198E4711,,15,11,64,NA,66,NA
4_95-177,4_95,177,2019,04198E4711,,16,25.5,112,NA,128,NA
4_95-178,4_95,178,2019,04198E4711,,17,25.5,99,NA,108,NA
4_95-179,4_95,179,2019,04198E4711,,18,25.5,70,NA,82,NA
4_95-180,4_95,180,2019,04198E4711,,19,NA,NA,NA,56,NA
4_95-181,4_95,181,2019,04198E4711,,20,NA,NA,NA,21,NA
4_95-182,4_95,182,2019,04198E4711,,21,NA,NA,NA,30,NA
4_95-183,4_95,183,2019,04198E4711,,22,NA,NA,NA,17,NA
4_97-156,4_97,156,2019,04198E2053,,1,136.5,38,NA,64,NA
4_97-157,4_97,157,2019,04198E2053,,2,136.5,34,NA,35,NA
4_97-158,4_97,158,2019,04198E2053,,3,136.5,62,NA,91,NA
4_97-159,4_97,159,2019,04198E2053,,4,55.5,71,NA,109,NA
4_97-160,4_97,160,2019,04198E2053,,5,55.5,73,NA,163,NA
4_97-161,4_97,161,2019,04198E2053,,6,55.5,67,NA,99,NA
4_97-162,4_97,162,2019,04198E2053,,7,36.5,76,NA,87,NA
4_97-163,4_97,163,2019,04198E2053,,8,36.5,106,NA,156,NA
4_97-164,4_97,164,2019,04198E2053,,9,36.5,79,NA,94,NA
4_97-165,4_97,165,2019,04198E2053,,10,20,109,NA,135,NA
4_97-166,4_97,166,2019,04198E2053,,11,20,109,NA,130,NA
4_97-167,4_97,167,2019,04198E2053,,12,20,29,NA,36,NA
4_97-168,4_97,168,2019,04198E2053,,13,11,115,NA,134,NA
4_97-169,4_97,169,2019,04198E2053,,14,11,83,NA,136,NA
4_97-170,4_97,170,2019,04198E2053,,15,11,99,NA,127,NA
4_97-171,4_97,171,2019,04198E2053,,16,25.5,75,NA,98,NA
4_97-172,4_97,172,2019,04198E2053,,17,25.5,75,NA,99,NA
4_97-173,4_97,173,2019,04198E2053,,18,25.5,66,NA,82,NA
4_97-174,4_97,174,2019,04198E2053,,19,NA,NA,NA,26,NA
4_97-175,4_97,175,2019,04198E2053,,20,NA,NA,NA,23,NA
L_39-150,L_39,150,2019,04198E650B,,1,136.5,99,NA,450,NA
L_39-151,L_39,151,2019,04198E650B,,2,136.5,114,NA,564,NA
L_39-152,L_39,152,2019,04198E650B,,3,136.5,117,NA,484,NA
L_39-153,L_39,153,2019,04198E650B,,4,55.5,146,NA,364,NA
L_39-154,L_39,154,2019,04198E650B,,5,55.5,135,NA,208,NA
L_39-155,L_39,155,2019,04198E650B,,6,55.5,172,NA,372,NA
L_39-156,L_39,156,2019,04198E650B,,7,36.5,236,NA,745,NA
L_39-157,L_39,157,2019,04198E650B,,8,36.5,230,NA,1193,NA
L_39-158,L_39,158,2019,04198E650B,,9,36.5,272,NA,1654,NA
L_39-159,L_39,159,2019,04198E650B,,10,20,343,NA,1743,NA
L_39-160,L_39,160,2019,04198E650B,,11,20,344,NA,1011,NA
L_39-161,L_39,161,2019,04198E650B,,12,20,279,NA,658,NA
L_39-162,L_39,162,2019,04198E650B,,13,11,279,NA,715,NA
L_39-163,L_39,163,2019,04198E650B,,14,11,302,NA,785,NA
L_39-164,L_39,164,2019,04198E650B,,15,11,169,NA,556,NA
L_39-165,L_39,165,2019,04198E650B,,16,25.5,176,NA,674,NA
L_39-166,L_39,166,2019,04198E650B,,17,25.5,249,NA,1008,NA
L_39-167,L_39,167,2019,04198E650B,,18,25.5,119,NA,474,NA
L_39-168,L_39,168,2019,04198E650B,,19,NA,NA,NA,733,NA
L_39-169,L_39,169,2019,04198E650B,,20,NA,NA,NA,370,NA
L_39-170,L_39,170,2019,04198E650B,,21,NA,NA,NA,151,NA
L_41-149,L_41,149,2019,04198E080D,,1,136.5,117,NA,252,NA
L_41-150,L_41,150,2019,04198E080D,,2,136.5,125,NA,376,NA
L_41-151,L_41,151,2019,04198E080D,,3,136.5,132,NA,457,NA
L_41-152,L_41,152,2019,04198E080D,,4,55.5,230,NA,855,NA
L_41-153,L_41,153,2019,04198E080D,,5,55.5,157,NA,276,NA
L_41-154,L_41,154,2019,04198E080D,,6,55.5,156,NA,228,NA
L_41-155,L_41,155,2019,04198E080D,,7,36.5,275,NA,421,NA
L_41-156,L_41,156,2019,04198E080D,,8,36.5,223,NA,744,NA
L_41-157,L_41,157,2019,04198E080D,,9,36.5,226,NA,341,NA
L_41-158,L_41,158,2019,04198E080D,,10,20,336,NA,543,NA
L_41-159,L_41,159,2019,04198E080D,,11,20,372,NA,963,NA
L_41-160,L_41,160,2019,04198E080D,,12,20,295,NA,684,NA
L_41-161,L_41,161,2019,04198E080D,,13,11,259,NA,395,NA
L_41-162,L_41,162,2019,04198E080D,,14,11,217,NA,457,NA
L_41-163,L_41,163,2019,04198E080D,,15,11,306,NA,786,NA
L_41-164,L_41,164,2019,04198E080D,,16,25.5,121,NA,308,NA
L_41-165,L_41,165,2019,04198E080D,,17,25.5,184,NA,574,NA
L_41-166,L_41,166,2019,04198E080D,,18,25.5,271,NA,859,NA
L_41-167,L_41,167,2019,04198E080D,,19,NA,NA,NA,178,NA
L_41-168,L_41,168,2019,04198E080D,,20,NA,NA,NA,1193,NA
L_41-169,L_41,169,2019,04198E080D,,21,NA,NA,NA,525,NA
L_41-170,L_41,170,2019,04198E080D,,22,NA,NA,NA,455,NA
L_41-171,L_41,171,2019,04198E080D,,23,NA,NA,NA,11,NA
TH_106-156,TH_106,156,2019,04198E3830,,1,136.5,6,NA,7,NA
TH_106-157,TH_106,157,2019,04198E3830,,2,136.5,13,NA,14,NA
TH_106-158,TH_106,158,2019,04198E3830,,3,136.5,16,NA,17,NA
TH_106-159,TH_106,159,2019,04198E3830,,4,55.5,23,NA,25,NA
TH_106-160,TH_106,160,2019,04198E3830,,5,55.5,20,NA,23,NA
TH_106-161,TH_106,161,2019,04198E3830,,6,55.5,14,NA,17,NA
TH_106-162,TH_106,162,2019,04198E3830,,7,36.5,15,NA,15,NA
TH_106-163,TH_106,163,2019,04198E3830,,8,36.5,28,NA,29,NA
TH_106-164,TH_106,164,2019,04198E3830,,9,36.5,12,NA,12,NA
TH_106-165,TH_106,165,2019,04198E3830,,10,20,24,NA,26,NA
TH_106-166,TH_106,166,2019,04198E3830,,11,20,27,NA,27,NA
TH_106-167,TH_106,167,2019,04198E3830,,12,20,14,NA,17,NA
TH_106-168,TH_106,168,2019,04198E3830,,13,11,41,NA,43,NA
TH_106-169,TH_106,169,2019,04198E3830,,14,11,54,NA,59,NA
TH_106-170,TH_106,170,2019,04198E3830,,15,11,141,NA,172,NA
TH_106-171,TH_106,171,2019,04198E3830,,16,25.5,34,NA,40,NA
TH_106-175,TH_106,175,2019,04198E3830,,20,NA,NA,NA,18,NA
TH_106-176,TH_106,176,2019,04198E3830,,21,NA,NA,NA,3,NA
TH_106-177,TH_106,177,2019,04198E3830,,22,NA,NA,NA,2,NA
TH_11-155,TH_11,155,2019,04198EA1A7,,1,136.5,74,NA,86,NA
TH_11-156,TH_11,156,2019,04198EA1A7,,2,136.5,83,NA,107,NA
TH_11-157,TH_11,157,2019,04198EA1A7,,3,136.5,79,NA,91,NA
TH_11-158,TH_11,158,2019,04198EA1A7,,4,55.5,79,NA,92,NA
TH_11-159,TH_11,159,2019,04198EA1A7,,5,55.5,121,NA,136,NA
TH_11-160,TH_11,160,2019,04198EA1A7,,6,55.5,116,NA,141,NA
TH_11-161,TH_11,161,2019,04198EA1A7,,7,36.5,102,NA,118,NA
TH_11-162,TH_11,162,2019,04198EA1A7,,8,36.5,95,NA,104,NA
TH_11-163,TH_11,163,2019,04198EA1A7,,9,36.5,156,NA,197,NA
TH_11-164,TH_11,164,2019,04198EA1A7,,10,20,153,NA,178,NA
TH_11-165,TH_11,165,2019,04198EA1A7,,11,20,102,NA,178,NA
TH_11-166,TH_11,166,2019,04198EA1A7,,12,20,160,NA,282,NA
TH_11-167,TH_11,167,2019,04198EA1A7,,13,11,146,NA,259,NA
TH_121-157,TH_121,157,2019,04198E9E60,,1,136.5,29,NA,35,NA
TH_121-158,TH_121,158,2019,04198E9E60,,2,136.5,52,NA,56,NA
TH_121-159,TH_121,159,2019,04198E9E60,,3,136.5,81,NA,101,NA
TH_121-160,TH_121,160,2019,04198E9E60,,4,55.5,103,NA,110,NA
TH_121-161,TH_121,161,2019,04198E9E60,,5,55.5,68,NA,74,NA
TH_121-162,TH_121,162,2019,04198E9E60,,6,55.5,97,NA,122,NA
TH_121-163,TH_121,163,2019,04198E9E60,,7,36.5,164,NA,173,NA
TH_121-164,TH_121,164,2019,04198E9E60,,8,36.5,107,NA,124,NA
TH_121-165,TH_121,165,2019,04198E9E60,,9,36.5,233,NA,337,NA
TH_121-166,TH_121,166,2019,04198E9E60,,10,20,81,NA,109,NA
TH_134-160,TH_134,160,2019,04198E66E3,,1,136.5,106,NA,152,NA
TH_134-161,TH_134,161,2019,04198E66E3,,2,136.5,80,NA,123,NA
TH_134-162,TH_134,162,2019,04198E66E3,,3,136.5,113,NA,212,NA
TH_134-163,TH_134,163,2019,04198E66E3,,4,55.5,158,NA,402,NA
TH_134-164,TH_134,164,2019,04198E66E3,,5,55.5,56,NA,67,NA
TH_134-165,TH_134,165,2019,04198E66E3,,6,55.5,5,NA,6,NA
TH_3-156,TH_3,156,2019,04198E84C8,,1,136.5,43,NA,48,NA
TH_3-157,TH_3,157,2019,04198E84C8,,2,136.5,37,NA,39,NA
TH_3-158,TH_3,158,2019,04198E84C8,,3,136.5,25,NA,25,NA
TH_3-159,TH_3,159,2019,04198E84C8,,4,55.5,36,NA,37,NA
TH_3-160,TH_3,160,2019,04198E84C8,,5,55.5,31,NA,32,NA
TH_3-161,TH_3,161,2019,04198E84C8,,6,55.5,26,NA,27,NA
TH_3-162,TH_3,162,2019,04198E84C8,,7,36.5,42,NA,44,NA
TH_3-163,TH_3,163,2019,04198E84C8,,8,36.5,41,NA,41,NA
TH_3-164,TH_3,164,2019,04198E84C8,,9,36.5,31,NA,32,NA
TH_3-165,TH_3,165,2019,04198E84C8,,10,20,44,NA,45,NA
TH_3-166,TH_3,166,2019,04198E84C8,,11,20,46,NA,46,NA
TH_3-167,TH_3,167,2019,04198E84C8,,12,20,28,NA,29,NA
TH_3-168,TH_3,168,2019,04198E84C8,,13,11,41,NA,42,NA
TH_3-169,TH_3,169,2019,04198E84C8,,14,11,81,NA,85,NA
TH_3-170,TH_3,170,2019,04198E84C8,,15,11,58,NA,58,NA
TH_3-171,TH_3,171,2019,04198E84C8,,16,25.5,89,NA,95,NA
TH_3-172,TH_3,172,2019,04198E84C8,,17,25.5,103,NA,115,NA
TH_3-173,TH_3,173,2019,04198E84C8,,18,25.5,46,NA,52,NA
TH_3-174,TH_3,174,2019,04198E84C8,,19,NA,NA,NA,20,NA
TH_3-175,TH_3,175,2019,04198E84C8,,20,NA,NA,NA,19,NA
TH_3-176,TH_3,176,2019,04198E84C8,,21,NA,NA,NA,4,NA
TH_51-158,TH_51,158,2019,04198E5A7E,04198E409B,1,136.5,59,NA,80,NA
TH_51-159,TH_51,159,2019,04198E5A7E,04198E409B,2,136.5,80,NA,117,NA
TH_51-160,TH_51,160,2019,04198E5A7E,04198E409B,3,136.5,71,NA,93,NA
TH_51-161,TH_51,161,2019,04198E5A7E,04198E409B,4,55.5,49,NA,81,NA
TH_51-162,TH_51,162,2019,04198E5A7E,04198E409B,5,55.5,81,NA,100,NA
TH_51-163,TH_51,163,2019,04198E5A7E,04198E409B,6,55.5,107,138,183,369
TH_51-164,TH_51,164,2019,04198E5A7E,04198E409B,7,36.5,72,129,83,271
TH_51-165,TH_51,165,2019,04198E5A7E,04198E409B,8,36.5,22,35,25,75
TH_51-166,TH_51,166,2019,04198E5A7E,04198E409B,9,36.5,18,25,31,76
TH_51-167,TH_51,167,2019,04198E5A7E,04198E409B,10,20,3,9,3,15
TH_51-168,TH_51,168,2019,04198E5A7E,04198E409B,11,20,168,229,207,758
TH_51-169,TH_51,169,2019,04198E5A7E,04198E409B,12,20,133,227,166,1364
TH_51-170,TH_51,170,2019,04198E5A7E,04198E409B,13,11,175,198,207,1312
TH_51-171,TH_51,171,2019,04198E5A7E,04198E409B,14,11,75,209,83,877
TH_51-172,TH_51,172,2019,04198E5A7E,04198E409B,15,11,131,271,152,999
TH_51-173,TH_51,173,2019,04198E5A7E,04198E409B,16,25.5,110,277,146,1049
TH_51-174,TH_51,174,2019,04198E5A7E,04198E409B,17,25.5,146,219,261,1415
TH_51-175,TH_51,175,2019,04198E5A7E,04198E409B,18,25.5,126,186,204,1011
TH_51-176,TH_51,176,2019,04198E5A7E,04198E409B,19,NA,NA,NA,177,791
TH_51-177,TH_51,177,2019,04198E5A7E,04198E409B,20,NA,NA,NA,148,290
TH_51-178,TH_51,178,2019,04198E5A7E,04198E409B,21,NA,NA,NA,44,114
TH_97-162,TH_97,162,2019,04198E8D99,,1,136.5,2,NA,3,NA
TH_97-163,TH_97,163,2019,04198E8D99,,2,136.5,4,NA,4,NA
TH_97-164,TH_97,164,2019,04198E8D99,,3,136.5,4,NA,4,NA
TH_97-165,TH_97,165,2019,04198E8D99,,4,55.5,4,NA,4,NA
TH_97-166,TH_97,166,2019,04198E8D99,,5,55.5,10,NA,10,NA
TH_97-167,TH_97,167,2019,04198E8D99,,6,55.5,8,NA,8,NA
TH_97-168,TH_97,168,2019,04198E8D99,,7,36.5,26,NA,26,NA
TH_97-169,TH_97,169,2019,04198E8D99,,8,36.5,39,NA,42,NA
TH_97-170,TH_97,170,2019,04198E8D99,,9,36.5,77,NA,79,NA
TH_97-171,TH_97,171,2019,04198E8D99,,10,20,20,NA,20,NA
TH_97-172,TH_97,172,2019,04198E8D99,,11,20,33,NA,35,NA
TH_97-173,TH_97,173,2019,04198E8D99,,12,20,70,NA,80,NA
TH_97-174,TH_97,174,2019,04198E8D99,,13,11,61,NA,66,NA
TH_97-175,TH_97,175,2019,04198E8D99,,14,11,71,NA,87,NA
TH_97-176,TH_97,176,2019,04198E8D99,,15,11,51,NA,52,NA
TH_97-177,TH_97,177,2019,04198E8D99,,16,25.5,81,NA,88,NA
TH_97-178,TH_97,178,2019,04198E8D99,,17,25.5,91,NA,98,NA
TH_97-179,TH_97,179,2019,04198E8D99,,18,25.5,46,NA,55,NA
TH_97-180,TH_97,180,2019,04198E8D99,,19,NA,NA,NA,28,NA
TH_97-181,TH_97,181,2019,04198E8D99,,20,NA,NA,NA,34,NA
TH_97-182,TH_97,182,2019,04198E8D99,,21,NA,NA,NA,31,NA
TH_97-183,TH_97,183,2019,04198E8D99,,22,NA,NA,NA,23,NA
TH_97-184,TH_97,184,2019,04198E8D99,,23,NA,NA,NA,7,NA
