Individual_Band,Site,Nest,Sex,Experiment,Treatment,Capture_Date,Age,Mass,Bill+Head,Flat_Wing,bk,Bacteria_Killing_Assay,positive,bka_date,Plasma_Analyzed,Attempt_Number,Clutch_Initiation_Date,Clutch_Size,Brood_Size_Hatching,Day6_Brood_Mass,Nest_Fate_Date,Nest_Fate,.fledged,ylaydate,Treatment2,Nestling_Band,Nestling_Banding_Date,Current_Brood_Size,Nestling_Mass,Nestling_Flat_Wing,Genetic_Mom,Genetic_Dad,Nestling_Fate,Adult_or_Nestling,temp,Unit_Box
88004570,Unit_2,121,F,Color_Stressor,Control_,2019-05-22,ASY,22.5,28.9,119,NA,NA,NA,NA,NA,1,2019-05-12,4,1,8,2019-06-24,Fledged,1,132,Control_Dull,278171895,2019-06-12,1,18,46,NA,NA,Fledged,Nestling,17.1903935187604,Unit_2_121
88004749,Unit_1,380,F,Water,Water,2019-05-24,ASY,22.75,29.2,121,NA,NA,NA,NA,NA,1,2019-05-11,6,6,NA,2019-06-24,Fledged,6,131,Water,278172246,2019-06-12,6,24,62,NA,NA,Fledged,Nestling,17.1903935187604,Unit_1_380
88004749,Unit_1,380,F,Water,Water,2019-05-24,ASY,22.75,29.2,121,NA,NA,NA,NA,NA,1,2019-05-11,6,6,NA,2019-06-24,Fledged,6,131,Water,278172247,2019-06-12,6,24,51,NA,NA,Fledged,Nestling,17.1903935187604,Unit_1_380
88004749,Unit_1,380,F,Water,Water,2019-05-24,ASY,22.75,29.2,121,NA,NA,NA,NA,NA,1,2019-05-11,6,6,NA,2019-06-24,Fledged,6,131,Water,278172248,2019-06-12,6,23.25,59,NA,NA,Fledged,Nestling,17.1903935187604,Unit_1_380
88004749,Unit_1,380,F,Water,Water,2019-05-24,ASY,22.75,29.2,121,NA,NA,NA,NA,NA,1,2019-05-11,6,6,NA,2019-06-24,Fledged,6,131,Water,278172249,2019-06-12,6,21.5,60,NA,NA,Fledged,Nestling,17.1903935187604,Unit_1_380
88004749,Unit_1,380,F,Water,Water,2019-05-24,ASY,22.75,29.2,121,NA,NA,NA,NA,NA,1,2019-05-11,6,6,NA,2019-06-24,Fledged,6,131,Water,278172250,2019-06-12,6,23.75,58,NA,NA,Fledged,Nestling,17.1903935187604,Unit_1_380
88004749,Unit_1,380,F,Water,Water,2019-05-24,ASY,22.75,29.2,121,NA,NA,NA,NA,NA,1,2019-05-11,6,6,NA,2019-06-24,Fledged,6,131,Water,278172251,2019-06-12,6,23,61,NA,NA,Fledged,Nestling,17.1903935187604,Unit_1_380
88004754,Unit_2,29,F,Color_Stressor,Predator,2019-05-28,ASY,23.5,28.1,120,0.764214046822743,0.235785953177257,299,2019-06-03,Base/2nd,1,2019-05-12,6,3,36,2019-06-30,Fledged,3,132,Predator_Dull,281128748,2019-06-18,3,20.5,41,NA,NA,Fledged,Nestling,16.0532407408385,Unit_2_29
88004754,Unit_2,29,F,Color_Stressor,Predator,2019-05-28,ASY,23.5,28.1,120,0.764214046822743,0.235785953177257,299,2019-06-03,Base/2nd,1,2019-05-12,6,3,36,2019-06-30,Fledged,3,132,Predator_Dull,281128749,2019-06-18,3,22,45,NA,NA,Fledged,Nestling,16.0532407408385,Unit_2_29
88004754,Unit_2,29,F,Color_Stressor,Predator,2019-05-28,ASY,23.5,28.1,120,0.764214046822743,0.235785953177257,299,2019-06-03,Base/2nd,1,2019-05-12,6,3,36,2019-06-30,Fledged,3,132,Predator_Dull,281128750,2019-06-18,3,21,38.5,NA,NA,Fledged,Nestling,16.0532407408385,Unit_2_29
156181153,Unit_2,57,F,Color_Stressor,Predator,2019-06-02,SY,23.25,28.2,111,0.164634146341463,0.835365853658537,164,2019-06-08,Base/2nd,NA,NA,NA,NA,NA,NA,NA,NA,NA,Predator_Control,281128760,2019-06-21,5,16,41,NA,NA,Died,Nestling,17.6157407406615,Unit_2_57
156181153,Unit_2,57,F,Color_Stressor,Predator,2019-06-02,SY,23.25,28.2,111,0.164634146341463,0.835365853658537,164,2019-06-08,Base/2nd,NA,NA,NA,NA,NA,NA,NA,NA,NA,Predator_Control,281128761,2019-06-21,5,14.25,36.5,NA,NA,Died,Nestling,17.6157407406615,Unit_2_57
156181153,Unit_2,57,F,Color_Stressor,Predator,2019-06-02,SY,23.25,28.2,111,0.164634146341463,0.835365853658537,164,2019-06-08,Base/2nd,NA,NA,NA,NA,NA,NA,NA,NA,NA,Predator_Control,281128762,2019-06-21,5,13,32.5,NA,NA,Died,Nestling,17.6157407406615,Unit_2_57
156181153,Unit_2,57,F,Color_Stressor,Predator,2019-06-02,SY,23.25,28.2,111,0.164634146341463,0.835365853658537,164,2019-06-08,Base/2nd,NA,NA,NA,NA,NA,NA,NA,NA,NA,Predator_Control,281128763,2019-06-21,5,14.5,33,NA,NA,Died,Nestling,17.6157407406615,Unit_2_57
156181153,Unit_2,57,F,Color_Stressor,Predator,2019-06-02,SY,23.25,28.2,111,0.164634146341463,0.835365853658537,164,2019-06-08,Base/2nd,NA,NA,NA,NA,NA,NA,NA,NA,NA,Predator_Control,281128764,2019-06-21,5,15,36,NA,NA,Died,Nestling,17.6157407406615,Unit_2_57
212110278,Unit_1,349,F,Water,Water,2019-05-21,ASY,21.75,28.7,115,NA,NA,NA,NA,NA,1,2019-05-08,6,2,NA,2019-06-22,Fledged,2,128,Water,281128714,2019-06-10,2,22,54,NA,NA,Fledged,Nestling,16.2442129631927,Unit_1_349
212110278,Unit_1,349,F,Water,Water,2019-05-21,ASY,21.75,28.7,115,NA,NA,NA,NA,NA,1,2019-05-08,6,2,NA,2019-06-22,Fledged,2,128,Water,281128715,2019-06-10,2,23.75,59,NA,NA,Fledged,Nestling,16.2442129631927,Unit_1_349
212110281,Unit_1,315,F,Water,Water,2019-05-29,ASY,22.5,28.9,115,0.455938697318008,0.544061302681992,130.5,2019-05-29,Stress/1st,1,2019-05-14,6,3,NA,2019-06-27,Fledged,3,134,Water,281128625,2019-06-15,3,22.75,54,NA,NA,Fledged,Nestling,16.4467592594167,Unit_1_315
212110281,Unit_1,315,F,Water,Water,2019-05-29,ASY,22.5,28.9,115,0.455938697318008,0.544061302681992,130.5,2019-05-29,Stress/1st,1,2019-05-14,6,3,NA,2019-06-27,Fledged,3,134,Water,281128626,2019-06-15,3,21.75,54,NA,NA,Fledged,Nestling,16.4467592594167,Unit_1_315
212110281,Unit_1,315,F,Water,Water,2019-05-29,ASY,22.5,28.9,115,0.455938697318008,0.544061302681992,130.5,2019-05-29,Stress/1st,1,2019-05-14,6,3,NA,2019-06-27,Fledged,3,134,Water,281128627,2019-06-15,3,21,55,NA,NA,Fledged,Nestling,16.4467592594167,Unit_1_315
212110285,Unit_1,335,F,Water,Water,2019-05-26,ASY,25,28.8,115,NA,NA,NA,NA,NA,1,2019-05-13,6,6,NA,2019-06-26,Fledged,3,133,Water,281128610,2019-06-14,6,16.5,55,NA,NA,Fledged,Nestling,16.3078703705,Unit_1_335
212110285,Unit_1,335,F,Water,Water,2019-05-26,ASY,25,28.8,115,NA,NA,NA,NA,NA,1,2019-05-13,6,6,NA,2019-06-26,Fledged,3,133,Water,281128611,2019-06-14,6,14.5,52,NA,NA,Died,Nestling,16.3078703705,Unit_1_335
212110285,Unit_1,335,F,Water,Water,2019-05-26,ASY,25,28.8,115,NA,NA,NA,NA,NA,1,2019-05-13,6,6,NA,2019-06-26,Fledged,3,133,Water,281128612,2019-06-14,6,16,50,NA,NA,Fledged,Nestling,16.3078703705,Unit_1_335
212110285,Unit_1,335,F,Water,Water,2019-05-26,ASY,25,28.8,115,NA,NA,NA,NA,NA,1,2019-05-13,6,6,NA,2019-06-26,Fledged,3,133,Water,281128613,2019-06-14,6,15.75,50,NA,NA,Died,Nestling,16.3078703705,Unit_1_335
212110285,Unit_1,335,F,Water,Water,2019-05-26,ASY,25,28.8,115,NA,NA,NA,NA,NA,1,2019-05-13,6,6,NA,2019-06-26,Fledged,3,133,Water,281128614,2019-06-14,6,16.5,49,NA,NA,Fledged,Nestling,16.3078703705,Unit_1_335
212110285,Unit_1,335,F,Water,Water,2019-05-26,ASY,25,28.8,115,NA,NA,NA,NA,NA,1,2019-05-13,6,6,NA,2019-06-26,Fledged,3,133,Water,281128615,2019-06-14,6,15.5,53,NA,NA,Died,Nestling,16.3078703705,Unit_1_335
212110288,Unit_1,338,F,Water,Water,2019-05-27,ASY,21,27.8,116,NA,NA,NA,NA,NA,1,2019-05-16,5,5,NA,2019-06-28,Fledged,3,136,Water,281128616,2019-06-14,4,20,56,NA,NA,Fledged,Nestling,16.3078703705,Unit_1_338
212110288,Unit_1,338,F,Water,Water,2019-05-27,ASY,21,27.8,116,NA,NA,NA,NA,NA,1,2019-05-16,5,5,NA,2019-06-28,Fledged,3,136,Water,281128617,2019-06-14,4,13,38,NA,NA,Died,Nestling,16.3078703705,Unit_1_338
212110288,Unit_1,338,F,Water,Water,2019-05-27,ASY,21,27.8,116,NA,NA,NA,NA,NA,1,2019-05-16,5,5,NA,2019-06-28,Fledged,3,136,Water,281128618,2019-06-14,4,19.5,54,NA,NA,Fledged,Nestling,16.3078703705,Unit_1_338
212110288,Unit_1,338,F,Water,Water,2019-05-27,ASY,21,27.8,116,NA,NA,NA,NA,NA,1,2019-05-16,5,5,NA,2019-06-28,Fledged,3,136,Water,281128619,2019-06-14,4,18.5,53,NA,NA,Fledged,Nestling,16.3078703705,Unit_1_338
232146942,Unit_1,423,F,Water,Water,2019-05-27,ASY,21,29.1,117,NA,NA,NA,NA,NA,1,2019-05-12,7,6,NA,2019-06-27,Fledged,6,132,Water,281128634,2019-06-15,6,14,35,NA,NA,Fledged,Nestling,16.4467592594167,Unit_1_423
232146942,Unit_1,423,F,Water,Water,2019-05-27,ASY,21,29.1,117,NA,NA,NA,NA,NA,1,2019-05-12,7,6,NA,2019-06-27,Fledged,6,132,Water,281128635,2019-06-15,6,15.25,42,NA,NA,Fledged,Nestling,16.4467592594167,Unit_1_423
232146942,Unit_1,423,F,Water,Water,2019-05-27,ASY,21,29.1,117,NA,NA,NA,NA,NA,1,2019-05-12,7,6,NA,2019-06-27,Fledged,6,132,Water,281128636,2019-06-15,6,17.25,43,NA,NA,Fledged,Nestling,16.4467592594167,Unit_1_423
232146942,Unit_1,423,F,Water,Water,2019-05-27,ASY,21,29.1,117,NA,NA,NA,NA,NA,1,2019-05-12,7,6,NA,2019-06-27,Fledged,6,132,Water,281128637,2019-06-15,6,14.75,35,NA,NA,Fledged,Nestling,16.4467592594167,Unit_1_423
232146942,Unit_1,423,F,Water,Water,2019-05-27,ASY,21,29.1,117,NA,NA,NA,NA,NA,1,2019-05-12,7,6,NA,2019-06-27,Fledged,6,132,Water,281128638,2019-06-15,6,16,41,NA,NA,Fledged,Nestling,16.4467592594167,Unit_1_423
232146942,Unit_1,423,F,Water,Water,2019-05-27,ASY,21,29.1,117,NA,NA,NA,NA,NA,1,2019-05-12,7,6,NA,2019-06-27,Fledged,6,132,Water,281128639,2019-06-15,6,16.75,41,NA,NA,Fledged,Nestling,16.4467592594167,Unit_1_423
232146953,Unit_1,360,F,Water,Water,2019-05-30,ASY,22.5,28.7,114,0.865245374094932,0.134754625905068,621.5,2019-05-30,Stress/1st,1,2019-05-18,5,5,NA,2019-06-29,Fledged,5,138,Water,281128406,2019-06-17,5,15.75,48,NA,NA,Fledged,Nestling,15.815972222401,Unit_1_360
232146953,Unit_1,360,F,Water,Water,2019-05-30,ASY,22.5,28.7,114,0.865245374094932,0.134754625905068,621.5,2019-05-30,Stress/1st,1,2019-05-18,5,5,NA,2019-06-29,Fledged,5,138,Water,281128407,2019-06-17,5,17.5,55,NA,NA,Fledged,Nestling,15.815972222401,Unit_1_360
232146953,Unit_1,360,F,Water,Water,2019-05-30,ASY,22.5,28.7,114,0.865245374094932,0.134754625905068,621.5,2019-05-30,Stress/1st,1,2019-05-18,5,5,NA,2019-06-29,Fledged,5,138,Water,281128408,2019-06-17,5,17.5,49,NA,NA,Fledged,Nestling,15.815972222401,Unit_1_360
232146953,Unit_1,360,F,Water,Water,2019-05-30,ASY,22.5,28.7,114,0.865245374094932,0.134754625905068,621.5,2019-05-30,Stress/1st,1,2019-05-18,5,5,NA,2019-06-29,Fledged,5,138,Water,281128409,2019-06-17,5,18,52,NA,NA,Fledged,Nestling,15.815972222401,Unit_1_360
232146953,Unit_1,360,F,Water,Water,2019-05-30,ASY,22.5,28.7,114,0.865245374094932,0.134754625905068,621.5,2019-05-30,Stress/1st,1,2019-05-18,5,5,NA,2019-06-29,Fledged,5,138,Water,281128410,2019-06-17,5,17,50,NA,NA,Fledged,Nestling,15.815972222401,Unit_1_360
262125490,Unit_1,311,F,Water,Water,2019-05-27,ASY,23,27.8,120,0.568627450980392,0.431372549019608,102,2019-05-27,Stress/1st,1,2019-05-16,5,5,NA,2019-06-28,Fledged,5,136,Water,281128620,2019-06-15,5,18.25,56.4,NA,NA,Fledged,Nestling,16.4467592594167,Unit_1_311
262125490,Unit_1,311,F,Water,Water,2019-05-27,ASY,23,27.8,120,0.568627450980392,0.431372549019608,102,2019-05-27,Stress/1st,1,2019-05-16,5,5,NA,2019-06-28,Fledged,5,136,Water,281128621,2019-06-15,5,15.75,49,NA,NA,Fledged,Nestling,16.4467592594167,Unit_1_311
262125490,Unit_1,311,F,Water,Water,2019-05-27,ASY,23,27.8,120,0.568627450980392,0.431372549019608,102,2019-05-27,Stress/1st,1,2019-05-16,5,5,NA,2019-06-28,Fledged,5,136,Water,281128622,2019-06-15,5,18.25,54,NA,NA,Fledged,Nestling,16.4467592594167,Unit_1_311
262125490,Unit_1,311,F,Water,Water,2019-05-27,ASY,23,27.8,120,0.568627450980392,0.431372549019608,102,2019-05-27,Stress/1st,1,2019-05-16,5,5,NA,2019-06-28,Fledged,5,136,Water,281128623,2019-06-15,5,16.5,49,NA,NA,Fledged,Nestling,16.4467592594167,Unit_1_311
262125490,Unit_1,311,F,Water,Water,2019-05-27,ASY,23,27.8,120,0.568627450980392,0.431372549019608,102,2019-05-27,Stress/1st,1,2019-05-16,5,5,NA,2019-06-28,Fledged,5,136,Water,281128624,2019-06-15,5,18.75,52,NA,NA,Fledged,Nestling,16.4467592594167,Unit_1_311
272106661,Unit_1,302,F,Water,Water,2019-05-30,ASY,20,28.3,114,0.97184231697506,0.0281576830249397,621.5,2019-05-30,Stress/1st,1,2019-05-18,6,6,NA,2019-06-30,Fledged,6,138,Water,281128418,2019-06-18,6,14.5,38,NA,NA,Fledged,Nestling,16.0532407408385,Unit_1_302
272106661,Unit_1,302,F,Water,Water,2019-05-30,ASY,20,28.3,114,0.97184231697506,0.0281576830249397,621.5,2019-05-30,Stress/1st,1,2019-05-18,6,6,NA,2019-06-30,Fledged,6,138,Water,281128419,2019-06-18,6,18,43,NA,NA,Fledged,Nestling,16.0532407408385,Unit_1_302
272106661,Unit_1,302,F,Water,Water,2019-05-30,ASY,20,28.3,114,0.97184231697506,0.0281576830249397,621.5,2019-05-30,Stress/1st,1,2019-05-18,6,6,NA,2019-06-30,Fledged,6,138,Water,281128420,2019-06-18,6,14.5,37,NA,NA,Fledged,Nestling,16.0532407408385,Unit_1_302
272106661,Unit_1,302,F,Water,Water,2019-05-30,ASY,20,28.3,114,0.97184231697506,0.0281576830249397,621.5,2019-05-30,Stress/1st,1,2019-05-18,6,6,NA,2019-06-30,Fledged,6,138,Water,281128421,2019-06-18,6,15.5,36.5,NA,NA,Fledged,Nestling,16.0532407408385,Unit_1_302
272106661,Unit_1,302,F,Water,Water,2019-05-30,ASY,20,28.3,114,0.97184231697506,0.0281576830249397,621.5,2019-05-30,Stress/1st,1,2019-05-18,6,6,NA,2019-06-30,Fledged,6,138,Water,281128422,2019-06-18,6,16.25,42,NA,NA,Fledged,Nestling,16.0532407408385,Unit_1_302
272106661,Unit_1,302,F,Water,Water,2019-05-30,ASY,20,28.3,114,0.97184231697506,0.0281576830249397,621.5,2019-05-30,Stress/1st,1,2019-05-18,6,6,NA,2019-06-30,Fledged,6,138,Water,281128423,2019-06-18,6,14.75,40,NA,NA,Fledged,Nestling,16.0532407408385,Unit_1_302
272106708,Unit_1,357,F,Water,Water,2019-06-01,ASY,24,28.6,115,0.511337868480726,0.488662131519274,441,2019-06-01,Stress/1st,1,2019-05-20,6,6,NA,2019-06-30,Fledged,5,140,Water,281128432,2019-06-18,5,10.25,26,NA,NA,Fledged,Nestling,16.0532407408385,Unit_1_357
272106708,Unit_1,357,F,Water,Water,2019-06-01,ASY,24,28.6,115,0.511337868480726,0.488662131519274,441,2019-06-01,Stress/1st,1,2019-05-20,6,6,NA,2019-06-30,Fledged,5,140,Water,281128433,2019-06-18,5,16.75,38,NA,NA,Fledged,Nestling,16.0532407408385,Unit_1_357
272106708,Unit_1,357,F,Water,Water,2019-06-01,ASY,24,28.6,115,0.511337868480726,0.488662131519274,441,2019-06-01,Stress/1st,1,2019-05-20,6,6,NA,2019-06-30,Fledged,5,140,Water,281128434,2019-06-18,5,17.75,40,NA,NA,Fledged,Nestling,16.0532407408385,Unit_1_357
272106708,Unit_1,357,F,Water,Water,2019-06-01,ASY,24,28.6,115,0.511337868480726,0.488662131519274,441,2019-06-01,Stress/1st,1,2019-05-20,6,6,NA,2019-06-30,Fledged,5,140,Water,281128435,2019-06-18,5,17.25,42,NA,NA,Fledged,Nestling,16.0532407408385,Unit_1_357
272106708,Unit_1,357,F,Water,Water,2019-06-01,ASY,24,28.6,115,0.511337868480726,0.488662131519274,441,2019-06-01,Stress/1st,1,2019-05-20,6,6,NA,2019-06-30,Fledged,5,140,Water,281128436,2019-06-18,5,15.75,35,NA,NA,Fledged,Nestling,16.0532407408385,Unit_1_357
272106728,Unit_2,54,F,Color_Stressor,Predator,2019-06-02,ASY,23.5,28.1,116,0.800699300699301,0.199300699300699,143,2019-06-07,Base/2nd,NA,NA,NA,NA,NA,NA,NA,NA,NA,Predator_Control,281128440,2019-06-22,6,15,46,NA,NA,Fledged,Nestling,17.8269675925885,Unit_2_54
272106728,Unit_2,54,F,Color_Stressor,Predator,2019-06-02,ASY,23.5,28.1,116,0.800699300699301,0.199300699300699,143,2019-06-07,Base/2nd,NA,NA,NA,NA,NA,NA,NA,NA,NA,Predator_Control,281128441,2019-06-22,6,16.5,45,NA,NA,Fledged,Nestling,17.8269675925885,Unit_2_54
272106728,Unit_2,54,F,Color_Stressor,Predator,2019-06-02,ASY,23.5,28.1,116,0.800699300699301,0.199300699300699,143,2019-06-07,Base/2nd,NA,NA,NA,NA,NA,NA,NA,NA,NA,Predator_Control,281128442,2019-06-22,6,13,NA,NA,NA,Fledged,Nestling,17.8269675925885,Unit_2_54
272106728,Unit_2,54,F,Color_Stressor,Predator,2019-06-02,ASY,23.5,28.1,116,0.800699300699301,0.199300699300699,143,2019-06-07,Base/2nd,NA,NA,NA,NA,NA,NA,NA,NA,NA,Predator_Control,281128443,2019-06-22,6,16.5,45,NA,NA,Fledged,Nestling,17.8269675925885,Unit_2_54
272106728,Unit_2,54,F,Color_Stressor,Predator,2019-06-02,ASY,23.5,28.1,116,0.800699300699301,0.199300699300699,143,2019-06-07,Base/2nd,NA,NA,NA,NA,NA,NA,NA,NA,NA,Predator_Control,281128444,2019-06-22,6,18,51,NA,NA,Fledged,Nestling,17.8269675925885,Unit_2_54
272106728,Unit_2,54,F,Color_Stressor,Predator,2019-06-02,ASY,23.5,28.1,116,0.800699300699301,0.199300699300699,143,2019-06-07,Base/2nd,NA,NA,NA,NA,NA,NA,NA,NA,NA,Predator_Control,281128445,2019-06-22,6,20.75,53,NA,NA,Fledged,Nestling,17.8269675925885,Unit_2_54
272106822,Unit_2,68,F,Color_Stressor,Control_,2019-05-23,ASY,20.5,29.1,117.5,NA,NA,NA,NA,NA,NA,NA,NA,NA,NA,NA,NA,NA,NA,Control_Dull,278171881,2019-06-12,6,19,39,NA,NA,Fledged,Nestling,17.1903935187604,Unit_2_68
272106822,Unit_2,68,F,Color_Stressor,Control_,2019-05-23,ASY,20.5,29.1,117.5,NA,NA,NA,NA,NA,NA,NA,NA,NA,NA,NA,NA,NA,NA,Control_Dull,278171882,2019-06-12,6,18,49,NA,NA,Fledged,Nestling,17.1903935187604,Unit_2_68
272106822,Unit_2,68,F,Color_Stressor,Control_,2019-05-23,ASY,20.5,29.1,117.5,NA,NA,NA,NA,NA,NA,NA,NA,NA,NA,NA,NA,NA,NA,Control_Dull,278171883,2019-06-12,6,19.75,56,NA,NA,Fledged,Nestling,17.1903935187604,Unit_2_68
272106822,Unit_2,68,F,Color_Stressor,Control_,2019-05-23,ASY,20.5,29.1,117.5,NA,NA,NA,NA,NA,NA,NA,NA,NA,NA,NA,NA,NA,NA,Control_Dull,278171884,2019-06-12,6,20.75,49,NA,NA,Fledged,Nestling,17.1903935187604,Unit_2_68
272106822,Unit_2,68,F,Color_Stressor,Control_,2019-05-23,ASY,20.5,29.1,117.5,NA,NA,NA,NA,NA,NA,NA,NA,NA,NA,NA,NA,NA,NA,Control_Dull,278171885,2019-06-12,6,22,54,NA,NA,Fledged,Nestling,17.1903935187604,Unit_2_68
272106822,Unit_2,68,F,Color_Stressor,Control_,2019-05-23,ASY,20.5,29.1,117.5,NA,NA,NA,NA,NA,NA,NA,NA,NA,NA,NA,NA,NA,NA,Control_Dull,278171886,2019-06-12,6,23.5,58,NA,NA,Fledged,Nestling,17.1903935187604,Unit_2_68
272106913,Unit_2,120,F,Color_Stressor,Control_,2019-05-25,ASY,22,29.2,122.5,0.454545454545455,0.545454545454545,621.5,2019-05-30,Base/2nd,1,2019-05-12,7,7,71,2019-06-25,Fledged,3,132,Control_Control,278172265,2019-06-13,7,11.5,34,NA,NA,Died,Nestling,16.4843750002708,Unit_2_120
272106913,Unit_2,120,F,Color_Stressor,Control_,2019-05-25,ASY,22,29.2,122.5,0.454545454545455,0.545454545454545,621.5,2019-05-30,Base/2nd,1,2019-05-12,7,7,71,2019-06-25,Fledged,3,132,Control_Control,278172266,2019-06-13,7,17,45,NA,NA,Died,Nestling,16.4843750002708,Unit_2_120
272106913,Unit_2,120,F,Color_Stressor,Control_,2019-05-25,ASY,22,29.2,122.5,0.454545454545455,0.545454545454545,621.5,2019-05-30,Base/2nd,1,2019-05-12,7,7,71,2019-06-25,Fledged,3,132,Control_Control,278172267,2019-06-13,7,13.75,38.5,NA,NA,Died,Nestling,16.4843750002708,Unit_2_120
272106913,Unit_2,120,F,Color_Stressor,Control_,2019-05-25,ASY,22,29.2,122.5,0.454545454545455,0.545454545454545,621.5,2019-05-30,Base/2nd,1,2019-05-12,7,7,71,2019-06-25,Fledged,3,132,Control_Control,278172268,2019-06-13,7,17.5,47,NA,NA,Fledged,Nestling,16.4843750002708,Unit_2_120
272106913,Unit_2,120,F,Color_Stressor,Control_,2019-05-25,ASY,22,29.2,122.5,0.454545454545455,0.545454545454545,621.5,2019-05-30,Base/2nd,1,2019-05-12,7,7,71,2019-06-25,Fledged,3,132,Control_Control,278172269,2019-06-13,7,18.5,51,NA,NA,Fledged,Nestling,16.4843750002708,Unit_2_120
272106913,Unit_2,120,F,Color_Stressor,Control_,2019-05-25,ASY,22,29.2,122.5,0.454545454545455,0.545454545454545,621.5,2019-05-30,Base/2nd,1,2019-05-12,7,7,71,2019-06-25,Fledged,3,132,Control_Control,278172270,2019-06-13,7,16.5,50,NA,NA,Fledged,Nestling,16.4843750002708,Unit_2_120
272106913,Unit_2,120,F,Color_Stressor,Control_,2019-05-25,ASY,22,29.2,122.5,0.454545454545455,0.545454545454545,621.5,2019-05-30,Base/2nd,1,2019-05-12,7,7,71,2019-06-25,Fledged,3,132,Control_Control,278172271,2019-06-13,7,14.5,44,NA,NA,Died,Nestling,16.4843750002708,Unit_2_120
272107217,Unit_2,116,F,Color_Stressor,Control_,2019-05-26,ASY,23.5,29.9,117,0.778195488721805,0.221804511278196,266,2019-05-31,Base/2nd,1,2019-05-14,6,5,58,2019-06-27,Fledged,5,134,Control_Control,278172277,2019-06-14,5,17.5,46,NA,NA,Fledged,Nestling,16.3078703705,Unit_2_116
272107217,Unit_2,116,F,Color_Stressor,Control_,2019-05-26,ASY,23.5,29.9,117,0.778195488721805,0.221804511278196,266,2019-05-31,Base/2nd,1,2019-05-14,6,5,58,2019-06-27,Fledged,5,134,Control_Control,278172278,2019-06-14,5,15.5,50,NA,NA,Fledged,Nestling,16.3078703705,Unit_2_116
272107217,Unit_2,116,F,Color_Stressor,Control_,2019-05-26,ASY,23.5,29.9,117,0.778195488721805,0.221804511278196,266,2019-05-31,Base/2nd,1,2019-05-14,6,5,58,2019-06-27,Fledged,5,134,Control_Control,278172279,2019-06-14,5,16.5,51,NA,NA,Fledged,Nestling,16.3078703705,Unit_2_116
272107217,Unit_2,116,F,Color_Stressor,Control_,2019-05-26,ASY,23.5,29.9,117,0.778195488721805,0.221804511278196,266,2019-05-31,Base/2nd,1,2019-05-14,6,5,58,2019-06-27,Fledged,5,134,Control_Control,278172280,2019-06-14,5,15.5,23.48,NA,NA,Fledged,Nestling,16.3078703705,Unit_2_116
272107217,Unit_2,116,F,Color_Stressor,Control_,2019-05-26,ASY,23.5,29.9,117,0.778195488721805,0.221804511278196,266,2019-05-31,Base/2nd,1,2019-05-14,6,5,58,2019-06-27,Fledged,5,134,Control_Control,278172281,2019-06-14,5,19.25,51.5,NA,NA,Fledged,Nestling,16.3078703705,Unit_2_116
272107361,Unit_2,31,F,Color_Stressor,Control_,2019-06-03,SY,20,28.4,109,0.192073170731707,0.807926829268293,164,2019-06-08,Base/2nd,1,2019-05-22,6,4,36,2019-07-04,Fledged,4,142,Control_Control,281128437,2019-06-22,4,21,42,NA,NA,Fledged,Nestling,17.8269675925885,Unit_2_31
272107361,Unit_2,31,F,Color_Stressor,Control_,2019-06-03,SY,20,28.4,109,0.192073170731707,0.807926829268293,164,2019-06-08,Base/2nd,1,2019-05-22,6,4,36,2019-07-04,Fledged,4,142,Control_Control,281128438,2019-06-22,4,20,48,NA,NA,Fledged,Nestling,17.8269675925885,Unit_2_31
272107361,Unit_2,31,F,Color_Stressor,Control_,2019-06-03,SY,20,28.4,109,0.192073170731707,0.807926829268293,164,2019-06-08,Base/2nd,1,2019-05-22,6,4,36,2019-07-04,Fledged,4,142,Control_Control,281128439,2019-06-22,4,19,45,NA,NA,Fledged,Nestling,17.8269675925885,Unit_2_31
272107361,Unit_2,31,F,Color_Stressor,Control_,2019-06-03,SY,20,28.4,109,0.192073170731707,0.807926829268293,164,2019-06-08,Base/2nd,1,2019-05-22,6,4,36,2019-07-04,Fledged,4,142,Control_Control,281128499,2019-06-22,4,19.75,41,NA,NA,Fledged,Nestling,17.8269675925885,Unit_2_31
272107436,Unit_1,301,F,Water,Water,2019-05-31,SY,22,27.8,113,0.116541353383459,0.883458646616541,266,2019-05-31,Stress/1st,1,2019-05-20,5,5,NA,2019-06-30,Fledged,3,140,Water,281128411,2019-06-18,5,17.25,38,NA,NA,Died,Nestling,16.0532407408385,Unit_1_301
272107436,Unit_1,301,F,Water,Water,2019-05-31,SY,22,27.8,113,0.116541353383459,0.883458646616541,266,2019-05-31,Stress/1st,1,2019-05-20,5,5,NA,2019-06-30,Fledged,3,140,Water,281128412,2019-06-18,5,18,47,NA,NA,Fledged,Nestling,16.0532407408385,Unit_1_301
272107436,Unit_1,301,F,Water,Water,2019-05-31,SY,22,27.8,113,0.116541353383459,0.883458646616541,266,2019-05-31,Stress/1st,1,2019-05-20,5,5,NA,2019-06-30,Fledged,3,140,Water,281128413,2019-06-18,5,16.5,42,NA,NA,Fledged,Nestling,16.0532407408385,Unit_1_301
272107436,Unit_1,301,F,Water,Water,2019-05-31,SY,22,27.8,113,0.116541353383459,0.883458646616541,266,2019-05-31,Stress/1st,1,2019-05-20,5,5,NA,2019-06-30,Fledged,3,140,Water,281128415,2019-06-18,5,17,40,NA,NA,Died,Nestling,16.0532407408385,Unit_1_301
272107436,Unit_1,301,F,Water,Water,2019-05-31,SY,22,27.8,113,0.116541353383459,0.883458646616541,266,2019-05-31,Stress/1st,1,2019-05-20,5,5,NA,2019-06-30,Fledged,3,140,Water,281128417,2019-06-18,5,12.5,25.5,NA,NA,Fledged,Nestling,16.0532407408385,Unit_1_301
272107699,Unit_1,430,F,Water,Water,2019-05-31,ASY,21.5,29.2,116,NA,NA,NA,NA,NA,1,2019-05-19,6,6,NA,2019-06-30,Fledged,6,139,Water,281128424,2019-06-18,6,14.5,37,NA,NA,Fledged,Nestling,16.0532407408385,Unit_1_430
272107699,Unit_1,430,F,Water,Water,2019-05-31,ASY,21.5,29.2,116,NA,NA,NA,NA,NA,1,2019-05-19,6,6,NA,2019-06-30,Fledged,6,139,Water,281128425,2019-06-18,6,16,37,NA,NA,Fledged,Nestling,16.0532407408385,Unit_1_430
272107699,Unit_1,430,F,Water,Water,2019-05-31,ASY,21.5,29.2,116,NA,NA,NA,NA,NA,1,2019-05-19,6,6,NA,2019-06-30,Fledged,6,139,Water,281128426,2019-06-18,6,13,32,NA,NA,Fledged,Nestling,16.0532407408385,Unit_1_430
272107699,Unit_1,430,F,Water,Water,2019-05-31,ASY,21.5,29.2,116,NA,NA,NA,NA,NA,1,2019-05-19,6,6,NA,2019-06-30,Fledged,6,139,Water,281128427,2019-06-18,6,17.75,38,NA,NA,Fledged,Nestling,16.0532407408385,Unit_1_430
272107699,Unit_1,430,F,Water,Water,2019-05-31,ASY,21.5,29.2,116,NA,NA,NA,NA,NA,1,2019-05-19,6,6,NA,2019-06-30,Fledged,6,139,Water,281128428,2019-06-18,6,20,42,NA,NA,Fledged,Nestling,16.0532407408385,Unit_1_430
272107699,Unit_1,430,F,Water,Water,2019-05-31,ASY,21.5,29.2,116,NA,NA,NA,NA,NA,1,2019-05-19,6,6,NA,2019-06-30,Fledged,6,139,Water,281128429,2019-06-18,6,18,42,NA,NA,Fledged,Nestling,16.0532407408385,Unit_1_430
272107739,Unit_2,111,F,Color_Stressor,Control_,2019-05-16,ASY,17,28.1,109,NA,NA,NA,NA,NA,1,2019-05-05,5,5,68,2019-06-16,Died,0,125,Control_Dull,281128709,2019-06-06,5,15.5,47,NA,NA,Died,Nestling,15.4542824075781,Unit_2_111
272107739,Unit_2,111,F,Color_Stressor,Control_,2019-05-16,ASY,17,28.1,109,NA,NA,NA,NA,NA,1,2019-05-05,5,5,68,2019-06-16,Died,0,125,Control_Dull,281128710,2019-06-06,5,19,50,NA,NA,Died,Nestling,15.4542824075781,Unit_2_111
272107739,Unit_2,111,F,Color_Stressor,Control_,2019-05-16,ASY,17,28.1,109,NA,NA,NA,NA,NA,1,2019-05-05,5,5,68,2019-06-16,Died,0,125,Control_Dull,281128711,2019-06-06,5,15.5,44.5,NA,NA,Died,Nestling,15.4542824075781,Unit_2_111
272107739,Unit_2,111,F,Color_Stressor,Control_,2019-05-16,ASY,17,28.1,109,NA,NA,NA,NA,NA,1,2019-05-05,5,5,68,2019-06-16,Died,0,125,Control_Dull,281128712,2019-06-06,5,19,50,NA,NA,Died,Nestling,15.4542824075781,Unit_2_111
272107739,Unit_2,111,F,Color_Stressor,Control_,2019-05-16,ASY,17,28.1,109,NA,NA,NA,NA,NA,1,2019-05-05,5,5,68,2019-06-16,Died,0,125,Control_Dull,281128713,2019-06-06,5,16.5,45,NA,NA,Died,Nestling,15.4542824075781,Unit_2_111
272107748,Unit_2,39,F,Color_Stressor,Control_,2019-05-24,ASY,23.5,28.2,120,NA,NA,NA,NA,NA,1,2019-05-12,6,5,66,2019-06-25,Fledged,5,132,Control_Control,281128737,2019-06-13,5,19.5,55,NA,NA,Fledged,Nestling,16.4843750002708,Unit_2_39
272107748,Unit_2,39,F,Color_Stressor,Control_,2019-05-24,ASY,23.5,28.2,120,NA,NA,NA,NA,NA,1,2019-05-12,6,5,66,2019-06-25,Fledged,5,132,Control_Control,281128738,2019-06-13,5,17.5,47,NA,NA,Fledged,Nestling,16.4843750002708,Unit_2_39
272107748,Unit_2,39,F,Color_Stressor,Control_,2019-05-24,ASY,23.5,28.2,120,NA,NA,NA,NA,NA,1,2019-05-12,6,5,66,2019-06-25,Fledged,5,132,Control_Control,281128739,2019-06-13,5,19.5,60,NA,NA,Fledged,Nestling,16.4843750002708,Unit_2_39
272107748,Unit_2,39,F,Color_Stressor,Control_,2019-05-24,ASY,23.5,28.2,120,NA,NA,NA,NA,NA,1,2019-05-12,6,5,66,2019-06-25,Fledged,5,132,Control_Control,281128740,2019-06-13,5,20,60,NA,NA,Fledged,Nestling,16.4843750002708,Unit_2_39
272107748,Unit_2,39,F,Color_Stressor,Control_,2019-05-24,ASY,23.5,28.2,120,NA,NA,NA,NA,NA,1,2019-05-12,6,5,66,2019-06-25,Fledged,5,132,Control_Control,281128741,2019-06-13,5,20,NA,NA,NA,Fledged,Nestling,16.4843750002708,Unit_2_39
272107750,Unit_1,365,F,Water,Water,2019-05-29,ASY,21.25,28.1,115,0.544061302681992,0.455938697318008,130.5,2019-05-29,Stress/1st,1,2019-05-14,7,6,NA,2019-06-30,Fledged,2,134,Water,281128430,2019-06-18,2,11.5,28,NA,NA,Fledged,Nestling,16.0532407408385,Unit_1_365
272107750,Unit_1,365,F,Water,Water,2019-05-29,ASY,21.25,28.1,115,0.544061302681992,0.455938697318008,130.5,2019-05-29,Stress/1st,1,2019-05-14,7,6,NA,2019-06-30,Fledged,2,134,Water,281128431,2019-06-18,2,14,32,NA,NA,Fledged,Nestling,16.0532407408385,Unit_1_365
272107786,Unit_2,103,F,Color_Stressor,Control_,2019-05-20,ASY,23,27.6,115.5,NA,NA,NA,NA,NA,1,2019-05-09,6,6,54,2019-06-27,Fledged,5,129,Control_Control,281128720,2019-06-10,6,22,48,NA,NA,Fledged,Nestling,16.2442129631927,Unit_2_103
272107786,Unit_2,103,F,Color_Stressor,Control_,2019-05-20,ASY,23,27.6,115.5,NA,NA,NA,NA,NA,1,2019-05-09,6,6,54,2019-06-27,Fledged,5,129,Control_Control,281128721,2019-06-10,6,22,51,NA,NA,Fledged,Nestling,16.2442129631927,Unit_2_103
272107786,Unit_2,103,F,Color_Stressor,Control_,2019-05-20,ASY,23,27.6,115.5,NA,NA,NA,NA,NA,1,2019-05-09,6,6,54,2019-06-27,Fledged,5,129,Control_Control,281128722,2019-06-10,6,19.5,45,NA,NA,Fledged,Nestling,16.2442129631927,Unit_2_103
272107786,Unit_2,103,F,Color_Stressor,Control_,2019-05-20,ASY,23,27.6,115.5,NA,NA,NA,NA,NA,1,2019-05-09,6,6,54,2019-06-27,Fledged,5,129,Control_Control,281128723,2019-06-10,6,21,48,NA,NA,Fledged,Nestling,16.2442129631927,Unit_2_103
272107786,Unit_2,103,F,Color_Stressor,Control_,2019-05-20,ASY,23,27.6,115.5,NA,NA,NA,NA,NA,1,2019-05-09,6,6,54,2019-06-27,Fledged,5,129,Control_Control,281128724,2019-06-10,6,24.5,50,NA,NA,Died,Nestling,16.2442129631927,Unit_2_103
272107786,Unit_2,103,F,Color_Stressor,Control_,2019-05-20,ASY,23,27.6,115.5,NA,NA,NA,NA,NA,1,2019-05-09,6,6,54,2019-06-27,Fledged,5,129,Control_Control,281128725,2019-06-10,6,23.25,56,NA,NA,Fledged,Nestling,16.2442129631927,Unit_2_103
272107790,Unit_1,435,F,Water,Water,2019-06-03,ASY,22.5,28.7,118,0.581939799331104,0.418060200668896,299,2019-06-03,Stress/1st,1,2019-05-20,6,6,NA,2019-07-02,Fledged,2,140,Water,281128660,2019-06-20,5,10,28,NA,NA,Died,Nestling,17.285879629776,Unit_1_435
272107790,Unit_1,435,F,Water,Water,2019-06-03,ASY,22.5,28.7,118,0.581939799331104,0.418060200668896,299,2019-06-03,Stress/1st,1,2019-05-20,6,6,NA,2019-07-02,Fledged,2,140,Water,281128661,2019-06-20,5,14.75,40,NA,NA,Died,Nestling,17.285879629776,Unit_1_435
272107790,Unit_1,435,F,Water,Water,2019-06-03,ASY,22.5,28.7,118,0.581939799331104,0.418060200668896,299,2019-06-03,Stress/1st,1,2019-05-20,6,6,NA,2019-07-02,Fledged,2,140,Water,281128662,2019-06-20,5,17,43,NA,NA,Fledged,Nestling,17.285879629776,Unit_1_435
272107790,Unit_1,435,F,Water,Water,2019-06-03,ASY,22.5,28.7,118,0.581939799331104,0.418060200668896,299,2019-06-03,Stress/1st,1,2019-05-20,6,6,NA,2019-07-02,Fledged,2,140,Water,281128663,2019-06-20,5,14.75,43,NA,NA,Died,Nestling,17.285879629776,Unit_1_435
272107790,Unit_1,435,F,Water,Water,2019-06-03,ASY,22.5,28.7,118,0.581939799331104,0.418060200668896,299,2019-06-03,Stress/1st,1,2019-05-20,6,6,NA,2019-07-02,Fledged,2,140,Water,281128664,2019-06-20,5,16.25,45,NA,NA,Fledged,Nestling,17.285879629776,Unit_1_435
272107805,Unit_2,35,F,Color_Stressor,Predator,2019-05-20,ASY,22,28.4,114.5,NA,NA,NA,NA,NA,1,2019-05-09,5,5,55,2019-06-27,Fledged,2,129,Predator_Dull,278172168,2019-06-10,5,19.25,50,NA,NA,Fledged,Nestling,16.2442129631927,Unit_2_35
272107805,Unit_2,35,F,Color_Stressor,Predator,2019-05-20,ASY,22,28.4,114.5,NA,NA,NA,NA,NA,1,2019-05-09,5,5,55,2019-06-27,Fledged,2,129,Predator_Dull,281128716,2019-06-10,5,19.75,51,NA,NA,Fledged,Nestling,16.2442129631927,Unit_2_35
272107805,Unit_2,35,F,Color_Stressor,Predator,2019-05-20,ASY,22,28.4,114.5,NA,NA,NA,NA,NA,1,2019-05-09,5,5,55,2019-06-27,Fledged,2,129,Predator_Dull,281128717,2019-06-10,5,17,52,NA,NA,Fledged,Nestling,16.2442129631927,Unit_2_35
272107805,Unit_2,35,F,Color_Stressor,Predator,2019-05-20,ASY,22,28.4,114.5,NA,NA,NA,NA,NA,1,2019-05-09,5,5,55,2019-06-27,Fledged,2,129,Predator_Dull,281128718,2019-06-10,5,19.5,45,NA,NA,Died,Nestling,16.2442129631927,Unit_2_35
272107805,Unit_2,35,F,Color_Stressor,Predator,2019-05-20,ASY,22,28.4,114.5,NA,NA,NA,NA,NA,1,2019-05-09,5,5,55,2019-06-27,Fledged,2,129,Predator_Dull,281128719,2019-06-10,5,17,52,NA,NA,Died,Nestling,16.2442129631927,Unit_2_35
272107809,Unit_1,81,F,Color_Stressor,Control_,2019-05-29,ASY,22,27.5,117,0.122073578595318,0.877926421404682,299,2019-06-03,Base/2nd,1,2019-05-15,6,6,60,2019-06-28,Fledged,5,135,Control_Control,281128801,2019-06-16,5,17,48,NA,NA,Fledged,Nestling,16.1979166668281,Unit_1_81
272107809,Unit_1,81,F,Color_Stressor,Control_,2019-05-29,ASY,22,27.5,117,0.122073578595318,0.877926421404682,299,2019-06-03,Base/2nd,1,2019-05-15,6,6,60,2019-06-28,Fledged,5,135,Control_Control,281128802,2019-06-16,5,17,42,NA,NA,Fledged,Nestling,16.1979166668281,Unit_1_81
272107809,Unit_1,81,F,Color_Stressor,Control_,2019-05-29,ASY,22,27.5,117,0.122073578595318,0.877926421404682,299,2019-06-03,Base/2nd,1,2019-05-15,6,6,60,2019-06-28,Fledged,5,135,Control_Control,281128803,2019-06-16,5,16.5,49,NA,NA,Fledged,Nestling,16.1979166668281,Unit_1_81
272107809,Unit_1,81,F,Color_Stressor,Control_,2019-05-29,ASY,22,27.5,117,0.122073578595318,0.877926421404682,299,2019-06-03,Base/2nd,1,2019-05-15,6,6,60,2019-06-28,Fledged,5,135,Control_Control,281128804,2019-06-16,5,14,35,NA,NA,Fledged,Nestling,16.1979166668281,Unit_1_81
272107809,Unit_1,81,F,Color_Stressor,Control_,2019-05-29,ASY,22,27.5,117,0.122073578595318,0.877926421404682,299,2019-06-03,Base/2nd,1,2019-05-15,6,6,60,2019-06-28,Fledged,5,135,Control_Control,281128805,2019-06-16,5,18,54,NA,NA,Fledged,Nestling,16.1979166668281,Unit_1_81
272107855,Unit_2,62,F,Color_Stressor,Control_,2019-05-31,SY,20,27.6,114,0.375739644970414,0.624260355029586,84.5,2019-06-05,Base/2nd,NA,NA,NA,NA,NA,NA,NA,NA,NA,Control_Control,281128751,2019-06-20,4,14.75,46,NA,NA,Fledged,Nestling,17.285879629776,Unit_2_62
272107855,Unit_2,62,F,Color_Stressor,Control_,2019-05-31,SY,20,27.6,114,0.375739644970414,0.624260355029586,84.5,2019-06-05,Base/2nd,NA,NA,NA,NA,NA,NA,NA,NA,NA,Control_Control,281128752,2019-06-20,4,17.5,55,NA,NA,Fledged,Nestling,17.285879629776,Unit_2_62
272107855,Unit_2,62,F,Color_Stressor,Control_,2019-05-31,SY,20,27.6,114,0.375739644970414,0.624260355029586,84.5,2019-06-05,Base/2nd,NA,NA,NA,NA,NA,NA,NA,NA,NA,Control_Control,281128753,2019-06-20,4,21,54,NA,NA,Fledged,Nestling,17.285879629776,Unit_2_62
272107855,Unit_2,62,F,Color_Stressor,Control_,2019-05-31,SY,20,27.6,114,0.375739644970414,0.624260355029586,84.5,2019-06-05,Base/2nd,NA,NA,NA,NA,NA,NA,NA,NA,NA,Control_Control,281128754,2019-06-20,4,19.5,50,NA,NA,Fledged,Nestling,17.285879629776,Unit_2_62
278171870,Unit_2,12,F,Color_Stressor,Predator,2019-05-28,SY,22,28.4,115,NA,NA,NA,NA,NA,1,2019-05-17,5,5,59,2019-06-19,Died,0,137,Predator_Dull,281128651,2019-06-16,2,13,35,NA,NA,Died,Nestling,16.1979166668281,Unit_2_12
278171870,Unit_2,12,F,Color_Stressor,Predator,2019-05-28,SY,22,28.4,115,NA,NA,NA,NA,NA,1,2019-05-17,5,5,59,2019-06-19,Died,0,137,Predator_Dull,281128652,2019-06-16,2,10.5,30,NA,NA,Died,Nestling,16.1979166668281,Unit_2_12
278171872,Unit_2,3,F,Color_Stressor,Control_,2019-05-30,SY,20,26.5,114,1.08677685950413,-0.0867768595041322,121,2019-06-04,Base/2nd,1,2019-05-19,5,5,60,2019-06-30,Fledged,5,139,Control_Dull,281128506,2019-06-18,5,13.5,33,NA,NA,Fledged,Nestling,16.0532407408385,Unit_2_3
278171872,Unit_2,3,F,Color_Stressor,Control_,2019-05-30,SY,20,26.5,114,1.08677685950413,-0.0867768595041322,121,2019-06-04,Base/2nd,1,2019-05-19,5,5,60,2019-06-30,Fledged,5,139,Control_Dull,281128507,2019-06-18,5,21.5,52,NA,NA,Fledged,Nestling,16.0532407408385,Unit_2_3
278171872,Unit_2,3,F,Color_Stressor,Control_,2019-05-30,SY,20,26.5,114,1.08677685950413,-0.0867768595041322,121,2019-06-04,Base/2nd,1,2019-05-19,5,5,60,2019-06-30,Fledged,5,139,Control_Dull,281128508,2019-06-18,5,16,41,NA,NA,Fledged,Nestling,16.0532407408385,Unit_2_3
278171872,Unit_2,3,F,Color_Stressor,Control_,2019-05-30,SY,20,26.5,114,1.08677685950413,-0.0867768595041322,121,2019-06-04,Base/2nd,1,2019-05-19,5,5,60,2019-06-30,Fledged,5,139,Control_Dull,281128509,2019-06-18,5,17.5,41.5,NA,NA,Fledged,Nestling,16.0532407408385,Unit_2_3
278171872,Unit_2,3,F,Color_Stressor,Control_,2019-05-30,SY,20,26.5,114,1.08677685950413,-0.0867768595041322,121,2019-06-04,Base/2nd,1,2019-05-19,5,5,60,2019-06-30,Fledged,5,139,Control_Dull,281128510,2019-06-18,5,23.5,55.5,NA,NA,Fledged,Nestling,16.0532407408385,Unit_2_3
278171873,Unit_2,82,F,Color_Stressor,Control_,2019-05-30,SY,18.5,27.7,107,0.148760330578512,0.851239669421488,121,2019-06-04,Base/2nd,1,2019-05-18,6,6,73,2019-06-29,Died,0,138,Control_Control,281128806,2019-06-17,2,12.5,32,NA,NA,Died,Nestling,15.815972222401,Unit_2_82
278171873,Unit_2,82,F,Color_Stressor,Control_,2019-05-30,SY,18.5,27.7,107,0.148760330578512,0.851239669421488,121,2019-06-04,Base/2nd,1,2019-05-18,6,6,73,2019-06-29,Died,0,138,Control_Control,281128807,2019-06-17,2,11.5,24,NA,NA,Died,Nestling,15.815972222401,Unit_2_82
278171875,Unit_2,117,F,Color_Stressor,Control_,2019-05-30,SY,21.5,27.8,116.5,NA,NA,NA,NA,NA,1,2019-05-18,6,6,51,2019-07-03,Fledged,4,138,Control_Control,281128511,2019-06-18,5,13,27,NA,NA,Fledged,Nestling,16.0532407408385,Unit_2_117
278171875,Unit_2,117,F,Color_Stressor,Control_,2019-05-30,SY,21.5,27.8,116.5,NA,NA,NA,NA,NA,1,2019-05-18,6,6,51,2019-07-03,Fledged,4,138,Control_Control,281128512,2019-06-18,5,15,34,NA,NA,Fledged,Nestling,16.0532407408385,Unit_2_117
278171875,Unit_2,117,F,Color_Stressor,Control_,2019-05-30,SY,21.5,27.8,116.5,NA,NA,NA,NA,NA,1,2019-05-18,6,6,51,2019-07-03,Fledged,4,138,Control_Control,281128513,2019-06-18,5,11.75,29,NA,NA,Fledged,Nestling,16.0532407408385,Unit_2_117
278171875,Unit_2,117,F,Color_Stressor,Control_,2019-05-30,SY,21.5,27.8,116.5,NA,NA,NA,NA,NA,1,2019-05-18,6,6,51,2019-07-03,Fledged,4,138,Control_Control,281128514,2019-06-18,5,12,30,NA,NA,Fledged,Nestling,16.0532407408385,Unit_2_117
278171875,Unit_2,117,F,Color_Stressor,Control_,2019-05-30,SY,21.5,27.8,116.5,NA,NA,NA,NA,NA,1,2019-05-18,6,6,51,2019-07-03,Fledged,4,138,Control_Control,281128515,2019-06-18,5,13.5,29,NA,NA,Fledged,Nestling,16.0532407408385,Unit_2_117
278171877,Unit_2,9,F,Color_Stressor,Predator,2019-06-02,SY,22.5,28.6,113,0.872377622377622,0.127622377622378,143,2019-06-07,Base/2nd,1,2019-05-22,5,3,22,2019-07-03,Fledged,2,142,Predator_Dull,281128765,2019-06-21,3,16.5,43,NA,NA,Fledged,Nestling,17.6157407406615,Unit_2_9
278171877,Unit_2,9,F,Color_Stressor,Predator,2019-06-02,SY,22.5,28.6,113,0.872377622377622,0.127622377622378,143,2019-06-07,Base/2nd,1,2019-05-22,5,3,22,2019-07-03,Fledged,2,142,Predator_Dull,281128766,2019-06-21,3,17,38,NA,NA,Fledged,Nestling,17.6157407406615,Unit_2_9
278171877,Unit_2,9,F,Color_Stressor,Predator,2019-06-02,SY,22.5,28.6,113,0.872377622377622,0.127622377622378,143,2019-06-07,Base/2nd,1,2019-05-22,5,3,22,2019-07-03,Fledged,2,142,Predator_Dull,281128767,2019-06-21,3,18,35,NA,NA,Died,Nestling,17.6157407406615,Unit_2_9
278171896,Unit_2,78,F,Color_Stressor,Predator,2019-05-30,SY,20.25,29.3,120,1.18388429752066,-0.183884297520661,121,2019-06-04,Base/2nd,1,2019-05-11,4,3,29,2019-07-04,Fledged,3,131,Predator_Control,281128524,2019-06-22,3,18.75,43,NA,NA,Fledged,Nestling,17.8269675925885,Unit_2_78
278171896,Unit_2,78,F,Color_Stressor,Predator,2019-05-30,SY,20.25,29.3,120,1.18388429752066,-0.183884297520661,121,2019-06-04,Base/2nd,1,2019-05-11,4,3,29,2019-07-04,Fledged,3,131,Predator_Control,281128525,2019-06-22,3,20,47,NA,NA,Fledged,Nestling,17.8269675925885,Unit_2_78
278171896,Unit_2,78,F,Color_Stressor,Predator,2019-05-30,SY,20.25,29.3,120,1.18388429752066,-0.183884297520661,121,2019-06-04,Base/2nd,1,2019-05-11,4,3,29,2019-07-04,Fledged,3,131,Predator_Control,281128526,2019-06-22,3,15.75,47,NA,NA,Fledged,Nestling,17.8269675925885,Unit_2_78
278172094,Unit_1,305,F,Water,Water,2019-05-23,SY,20.75,29.2,115,NA,NA,NA,NA,NA,1,2019-05-11,6,6,NA,2019-06-24,Fledged,6,131,Water,278172240,2019-06-12,6,22,56,NA,NA,Fledged,Nestling,17.1903935187604,Unit_1_305
278172094,Unit_1,305,F,Water,Water,2019-05-23,SY,20.75,29.2,115,NA,NA,NA,NA,NA,1,2019-05-11,6,6,NA,2019-06-24,Fledged,6,131,Water,278172241,2019-06-12,6,21,55,NA,NA,Fledged,Nestling,17.1903935187604,Unit_1_305
278172094,Unit_1,305,F,Water,Water,2019-05-23,SY,20.75,29.2,115,NA,NA,NA,NA,NA,1,2019-05-11,6,6,NA,2019-06-24,Fledged,6,131,Water,278172242,2019-06-12,6,22.25,56,NA,NA,Fledged,Nestling,17.1903935187604,Unit_1_305
278172094,Unit_1,305,F,Water,Water,2019-05-23,SY,20.75,29.2,115,NA,NA,NA,NA,NA,1,2019-05-11,6,6,NA,2019-06-24,Fledged,6,131,Water,278172243,2019-06-12,6,21.5,53,NA,NA,Fledged,Nestling,17.1903935187604,Unit_1_305
278172094,Unit_1,305,F,Water,Water,2019-05-23,SY,20.75,29.2,115,NA,NA,NA,NA,NA,1,2019-05-11,6,6,NA,2019-06-24,Fledged,6,131,Water,278172244,2019-06-12,6,23,58,NA,NA,Fledged,Nestling,17.1903935187604,Unit_1_305
278172094,Unit_1,305,F,Water,Water,2019-05-23,SY,20.75,29.2,115,NA,NA,NA,NA,NA,1,2019-05-11,6,6,NA,2019-06-24,Fledged,6,131,Water,278172245,2019-06-12,6,22.75,56,NA,NA,Fledged,Nestling,17.1903935187604,Unit_1_305
278172095,Unit_1,363,F,Water,Water,2019-05-24,SY,21.25,28.8,121,NA,NA,NA,NA,NA,1,2019-05-11,5,4,NA,2019-06-24,Fledged,4,131,Water,278172252,2019-06-12,4,22,56,NA,NA,Fledged,Nestling,17.1903935187604,Unit_1_363
278172095,Unit_1,363,F,Water,Water,2019-05-24,SY,21.25,28.8,121,NA,NA,NA,NA,NA,1,2019-05-11,5,4,NA,2019-06-24,Fledged,4,131,Water,278172253,2019-06-12,4,23.5,60,NA,NA,Fledged,Nestling,17.1903935187604,Unit_1_363
278172095,Unit_1,363,F,Water,Water,2019-05-24,SY,21.25,28.8,121,NA,NA,NA,NA,NA,1,2019-05-11,5,4,NA,2019-06-24,Fledged,4,131,Water,278172254,2019-06-12,4,23.75,57,NA,NA,Fledged,Nestling,17.1903935187604,Unit_1_363
278172095,Unit_1,363,F,Water,Water,2019-05-24,SY,21.25,28.8,121,NA,NA,NA,NA,NA,1,2019-05-11,5,4,NA,2019-06-24,Fledged,4,131,Water,278172255,2019-06-12,4,24.25,50,NA,NA,Fledged,Nestling,17.1903935187604,Unit_1_363
278172096,Unit_1,421,F,Water,Water,2019-05-24,ASY,23.75,28.3,112,NA,NA,NA,NA,NA,1,2019-05-12,6,4,NA,2019-06-25,Fledged,3,132,Water,278172262,2019-06-13,3,20.5,55,NA,NA,Fledged,Nestling,16.4843750002708,Unit_1_421
278172096,Unit_1,421,F,Water,Water,2019-05-24,ASY,23.75,28.3,112,NA,NA,NA,NA,NA,1,2019-05-12,6,4,NA,2019-06-25,Fledged,3,132,Water,278172263,2019-06-13,3,21.25,60,NA,NA,Fledged,Nestling,16.4843750002708,Unit_1_421
278172096,Unit_1,421,F,Water,Water,2019-05-24,ASY,23.75,28.3,112,NA,NA,NA,NA,NA,1,2019-05-12,6,4,NA,2019-06-25,Fledged,3,132,Water,278172264,2019-06-13,3,22.5,52,NA,NA,Fledged,Nestling,16.4843750002708,Unit_1_421
278172097,Unit_1,306,F,Water,Water,2019-05-25,SY,22,20.3,117,NA,NA,NA,NA,NA,1,2019-05-13,6,6,NA,2019-06-25,Fledged,5,133,Water,278172256,2019-06-13,6,19.5,49,NA,NA,Fledged,Nestling,16.4843750002708,Unit_1_306
278172097,Unit_1,306,F,Water,Water,2019-05-25,SY,22,20.3,117,NA,NA,NA,NA,NA,1,2019-05-13,6,6,NA,2019-06-25,Fledged,5,133,Water,278172257,2019-06-13,6,19,52,NA,NA,Fledged,Nestling,16.4843750002708,Unit_1_306
278172097,Unit_1,306,F,Water,Water,2019-05-25,SY,22,20.3,117,NA,NA,NA,NA,NA,1,2019-05-13,6,6,NA,2019-06-25,Fledged,5,133,Water,278172258,2019-06-13,6,20,51,NA,NA,Fledged,Nestling,16.4843750002708,Unit_1_306
278172097,Unit_1,306,F,Water,Water,2019-05-25,SY,22,20.3,117,NA,NA,NA,NA,NA,1,2019-05-13,6,6,NA,2019-06-25,Fledged,5,133,Water,278172259,2019-06-13,6,21,53,NA,NA,Fledged,Nestling,16.4843750002708,Unit_1_306
278172097,Unit_1,306,F,Water,Water,2019-05-25,SY,22,20.3,117,NA,NA,NA,NA,NA,1,2019-05-13,6,6,NA,2019-06-25,Fledged,5,133,Water,278172260,2019-06-13,6,19,54,NA,NA,Fledged,Nestling,16.4843750002708,Unit_1_306
278172097,Unit_1,306,F,Water,Water,2019-05-25,SY,22,20.3,117,NA,NA,NA,NA,NA,1,2019-05-13,6,6,NA,2019-06-25,Fledged,5,133,Water,278172261,2019-06-13,6,19.5,46,NA,NA,Died,Nestling,16.4843750002708,Unit_1_306
278172100,Unit_1,437,F,Water,Water,2019-05-27,SY,23.5,28.6,113,0.911764705882353,0.0882352941176471,102,2019-05-27,Stress/1st,1,2019-05-14,5,4,NA,2019-06-26,Fledged,4,134,Water,281128606,2019-06-14,4,17,44.5,NA,NA,Fledged,Nestling,16.3078703705,Unit_1_437
278172100,Unit_1,437,F,Water,Water,2019-05-27,SY,23.5,28.6,113,0.911764705882353,0.0882352941176471,102,2019-05-27,Stress/1st,1,2019-05-14,5,4,NA,2019-06-26,Fledged,4,134,Water,281128607,2019-06-14,4,19,45,NA,NA,Fledged,Nestling,16.3078703705,Unit_1_437
278172100,Unit_1,437,F,Water,Water,2019-05-27,SY,23.5,28.6,113,0.911764705882353,0.0882352941176471,102,2019-05-27,Stress/1st,1,2019-05-14,5,4,NA,2019-06-26,Fledged,4,134,Water,281128608,2019-06-14,4,18,49,NA,NA,Fledged,Nestling,16.3078703705,Unit_1_437
278172100,Unit_1,437,F,Water,Water,2019-05-27,SY,23.5,28.6,113,0.911764705882353,0.0882352941176471,102,2019-05-27,Stress/1st,1,2019-05-14,5,4,NA,2019-06-26,Fledged,4,134,Water,281128609,2019-06-14,4,17.75,47,NA,NA,Fledged,Nestling,16.3078703705,Unit_1_437
278172145,Unit_2,37,F,Water,Water,2019-06-13,ASY,21,28.7,119,NA,NA,NA,NA,NA,1,2019-06-02,5,5,50,2019-07-13,Fledged,4,153,Water,281128542,2019-07-01,4,25.75,55,NA,NA,Fledged,Nestling,20.7465277777604,Unit_2_37
278172145,Unit_2,37,F,Water,Water,2019-06-13,ASY,21,28.7,119,NA,NA,NA,NA,NA,1,2019-06-02,5,5,50,2019-07-13,Fledged,4,153,Water,281128543,2019-07-01,4,24.75,52,NA,NA,Fledged,Nestling,20.7465277777604,Unit_2_37
278172145,Unit_2,37,F,Water,Water,2019-06-13,ASY,21,28.7,119,NA,NA,NA,NA,NA,1,2019-06-02,5,5,50,2019-07-13,Fledged,4,153,Water,281128544,2019-07-01,4,24.75,56,NA,NA,Fledged,Nestling,20.7465277777604,Unit_2_37
278172145,Unit_2,37,F,Water,Water,2019-06-13,ASY,21,28.7,119,NA,NA,NA,NA,NA,1,2019-06-02,5,5,50,2019-07-13,Fledged,4,153,Water,281128545,2019-07-01,4,23.5,58,NA,NA,Fledged,Nestling,20.7465277777604,Unit_2_37
278172147,Unit_2,101,F,Color_Stressor,Predator,2019-05-23,ASY,22.5,29,115,NA,NA,NA,NA,NA,1,2019-05-11,6,5,52,2019-06-25,Fledged,3,131,Predator_Dull,278172272,2019-06-13,5,18.5,54,NA,NA,Fledged,Nestling,16.4843750002708,Unit_2_101
278172147,Unit_2,101,F,Color_Stressor,Predator,2019-05-23,ASY,22.5,29,115,NA,NA,NA,NA,NA,1,2019-05-11,6,5,52,2019-06-25,Fledged,3,131,Predator_Dull,278172273,2019-06-13,5,19.5,53,NA,NA,Fledged,Nestling,16.4843750002708,Unit_2_101
278172147,Unit_2,101,F,Color_Stressor,Predator,2019-05-23,ASY,22.5,29,115,NA,NA,NA,NA,NA,1,2019-05-11,6,5,52,2019-06-25,Fledged,3,131,Predator_Dull,278172274,2019-06-13,5,16.5,44,NA,NA,Died,Nestling,16.4843750002708,Unit_2_101
278172147,Unit_2,101,F,Color_Stressor,Predator,2019-05-23,ASY,22.5,29,115,NA,NA,NA,NA,NA,1,2019-05-11,6,5,52,2019-06-25,Fledged,3,131,Predator_Dull,278172275,2019-06-13,5,16.5,48,NA,NA,Fledged,Nestling,16.4843750002708,Unit_2_101
278172147,Unit_2,101,F,Color_Stressor,Predator,2019-05-23,ASY,22.5,29,115,NA,NA,NA,NA,NA,1,2019-05-11,6,5,52,2019-06-25,Fledged,3,131,Predator_Dull,278172276,2019-06-13,5,20,55,NA,NA,Died,Nestling,16.4843750002708,Unit_2_101
278172149,Unit_2,109,F,Color_Stressor,Control_,2019-05-24,SY,20.5,28.6,116,0.333333333333333,0.666666666666667,130.5,2019-05-29,Base/2nd,1,2019-05-13,5,5,61,2019-06-25,Fledged,3,133,Control_Dull,278171887,2019-06-13,5,16.5,48,NA,NA,Died,Nestling,16.4843750002708,Unit_2_109
278172149,Unit_2,109,F,Color_Stressor,Control_,2019-05-24,SY,20.5,28.6,116,0.333333333333333,0.666666666666667,130.5,2019-05-29,Base/2nd,1,2019-05-13,5,5,61,2019-06-25,Fledged,3,133,Control_Dull,278171888,2019-06-13,5,17.5,51,NA,NA,Died,Nestling,16.4843750002708,Unit_2_109
278172149,Unit_2,109,F,Color_Stressor,Control_,2019-05-24,SY,20.5,28.6,116,0.333333333333333,0.666666666666667,130.5,2019-05-29,Base/2nd,1,2019-05-13,5,5,61,2019-06-25,Fledged,3,133,Control_Dull,278171889,2019-06-13,5,17,53,NA,NA,Fledged,Nestling,16.4843750002708,Unit_2_109
278172149,Unit_2,109,F,Color_Stressor,Control_,2019-05-24,SY,20.5,28.6,116,0.333333333333333,0.666666666666667,130.5,2019-05-29,Base/2nd,1,2019-05-13,5,5,61,2019-06-25,Fledged,3,133,Control_Dull,278171890,2019-06-13,5,18,53.5,NA,NA,Fledged,Nestling,16.4843750002708,Unit_2_109
278172149,Unit_2,109,F,Color_Stressor,Control_,2019-05-24,SY,20.5,28.6,116,0.333333333333333,0.666666666666667,130.5,2019-05-29,Base/2nd,1,2019-05-13,5,5,61,2019-06-25,Fledged,3,133,Control_Dull,278171891,2019-06-13,5,18.5,54,NA,NA,Fledged,Nestling,16.4843750002708,Unit_2_109
278172150,Unit_2,80,F,Color_Stressor,Control_,2019-05-24,SY,21.5,28.9,117,1.02681992337165,-0.0268199233716476,130.5,2019-05-29,Base/2nd,1,2019-05-12,6,6,70,2019-06-25,Fledged,1,132,Control_Dull,281128727,2019-06-13,6,18.5,47,NA,NA,Died,Nestling,16.4843750002708,Unit_2_80
278172150,Unit_2,80,F,Color_Stressor,Control_,2019-05-24,SY,21.5,28.9,117,1.02681992337165,-0.0268199233716476,130.5,2019-05-29,Base/2nd,1,2019-05-12,6,6,70,2019-06-25,Fledged,1,132,Control_Dull,281128728,2019-06-13,6,15.5,48,NA,NA,Died,Nestling,16.4843750002708,Unit_2_80
278172150,Unit_2,80,F,Color_Stressor,Control_,2019-05-24,SY,21.5,28.9,117,1.02681992337165,-0.0268199233716476,130.5,2019-05-29,Base/2nd,1,2019-05-12,6,6,70,2019-06-25,Fledged,1,132,Control_Dull,281128729,2019-06-13,6,15.75,49,NA,NA,Died,Nestling,16.4843750002708,Unit_2_80
278172150,Unit_2,80,F,Color_Stressor,Control_,2019-05-24,SY,21.5,28.9,117,1.02681992337165,-0.0268199233716476,130.5,2019-05-29,Base/2nd,1,2019-05-12,6,6,70,2019-06-25,Fledged,1,132,Control_Dull,281128730,2019-06-13,6,18,53,NA,NA,Fledged,Nestling,16.4843750002708,Unit_2_80
278172150,Unit_2,80,F,Color_Stressor,Control_,2019-05-24,SY,21.5,28.9,117,1.02681992337165,-0.0268199233716476,130.5,2019-05-29,Base/2nd,1,2019-05-12,6,6,70,2019-06-25,Fledged,1,132,Control_Dull,281128731,2019-06-13,6,14,49,NA,NA,Died,Nestling,16.4843750002708,Unit_2_80
278172150,Unit_2,80,F,Color_Stressor,Control_,2019-05-24,SY,21.5,28.9,117,1.02681992337165,-0.0268199233716476,130.5,2019-05-29,Base/2nd,1,2019-05-12,6,6,70,2019-06-25,Fledged,1,132,Control_Dull,281128732,2019-06-13,6,18,54,NA,NA,Died,Nestling,16.4843750002708,Unit_2_80
278172152,Unit_2,41,F,Color_Stressor,Predator,2019-05-29,SY,22.75,28.6,116,0.00418060200668896,0.995819397993311,299,2019-06-03,Base/2nd,NA,NA,NA,NA,NA,NA,NA,NA,NA,Predator_Dull,281128502,2019-06-17,4,19.5,44,NA,NA,Fledged,Nestling,15.815972222401,Unit_2_41
278172152,Unit_2,41,F,Color_Stressor,Predator,2019-05-29,SY,22.75,28.6,116,0.00418060200668896,0.995819397993311,299,2019-06-03,Base/2nd,NA,NA,NA,NA,NA,NA,NA,NA,NA,Predator_Dull,281128503,2019-06-17,4,18.5,42,NA,NA,Fledged,Nestling,15.815972222401,Unit_2_41
278172152,Unit_2,41,F,Color_Stressor,Predator,2019-05-29,SY,22.75,28.6,116,0.00418060200668896,0.995819397993311,299,2019-06-03,Base/2nd,NA,NA,NA,NA,NA,NA,NA,NA,NA,Predator_Dull,281128504,2019-06-17,4,18.5,51,NA,NA,Fledged,Nestling,15.815972222401,Unit_2_41
278172152,Unit_2,41,F,Color_Stressor,Predator,2019-05-29,SY,22.75,28.6,116,0.00418060200668896,0.995819397993311,299,2019-06-03,Base/2nd,NA,NA,NA,NA,NA,NA,NA,NA,NA,Predator_Dull,281128505,2019-06-17,4,17.5,38.5,NA,NA,Fledged,Nestling,15.815972222401,Unit_2_41
278172153,Unit_2,127,F,Color_Stressor,Predator,2019-05-29,SY,20,28.1,113,0.652173913043478,0.347826086956522,299,2019-06-03,Base/2nd,1,2019-05-14,6,5,60,2019-06-19,Died,0,134,Predator_Control,281128646,2019-06-16,5,16.5,45,NA,NA,Died,Nestling,16.1979166668281,Unit_2_127
278172153,Unit_2,127,F,Color_Stressor,Predator,2019-05-29,SY,20,28.1,113,0.652173913043478,0.347826086956522,299,2019-06-03,Base/2nd,1,2019-05-14,6,5,60,2019-06-19,Died,0,134,Predator_Control,281128647,2019-06-16,5,16.75,41,NA,NA,Died,Nestling,16.1979166668281,Unit_2_127
278172153,Unit_2,127,F,Color_Stressor,Predator,2019-05-29,SY,20,28.1,113,0.652173913043478,0.347826086956522,299,2019-06-03,Base/2nd,1,2019-05-14,6,5,60,2019-06-19,Died,0,134,Predator_Control,281128648,2019-06-16,5,13.5,37,NA,NA,Died,Nestling,16.1979166668281,Unit_2_127
278172153,Unit_2,127,F,Color_Stressor,Predator,2019-05-29,SY,20,28.1,113,0.652173913043478,0.347826086956522,299,2019-06-03,Base/2nd,1,2019-05-14,6,5,60,2019-06-19,Died,0,134,Predator_Control,281128649,2019-06-16,5,11,31,NA,NA,Died,Nestling,16.1979166668281,Unit_2_127
278172153,Unit_2,127,F,Color_Stressor,Predator,2019-05-29,SY,20,28.1,113,0.652173913043478,0.347826086956522,299,2019-06-03,Base/2nd,1,2019-05-14,6,5,60,2019-06-19,Died,0,134,Predator_Control,281128650,2019-06-16,5,16.5,43,NA,NA,Died,Nestling,16.1979166668281,Unit_2_127
278172154,Unit_2,75,F,Color_Stressor,Control_,2019-05-29,SY,20,28.1,116,NA,NA,NA,NA,NA,1,2019-05-17,6,6,74,2019-06-29,Fledged,3,137,Control_Dull,281128808,2019-06-17,6,13.5,31,NA,NA,Fledged,Nestling,15.815972222401,Unit_2_75
278172154,Unit_2,75,F,Color_Stressor,Control_,2019-05-29,SY,20,28.1,116,NA,NA,NA,NA,NA,1,2019-05-17,6,6,74,2019-06-29,Fledged,3,137,Control_Dull,281128809,2019-06-17,6,14.5,35,NA,NA,Fledged,Nestling,15.815972222401,Unit_2_75
278172154,Unit_2,75,F,Color_Stressor,Control_,2019-05-29,SY,20,28.1,116,NA,NA,NA,NA,NA,1,2019-05-17,6,6,74,2019-06-29,Fledged,3,137,Control_Dull,281128810,2019-06-17,6,16.5,36,NA,NA,Fledged,Nestling,15.815972222401,Unit_2_75
278172154,Unit_2,75,F,Color_Stressor,Control_,2019-05-29,SY,20,28.1,116,NA,NA,NA,NA,NA,1,2019-05-17,6,6,74,2019-06-29,Fledged,3,137,Control_Dull,281128811,2019-06-17,6,19.25,39,NA,NA,Fledged,Nestling,15.815972222401,Unit_2_75
278172154,Unit_2,75,F,Color_Stressor,Control_,2019-05-29,SY,20,28.1,116,NA,NA,NA,NA,NA,1,2019-05-17,6,6,74,2019-06-29,Fledged,3,137,Control_Dull,281128812,2019-06-17,6,9.25,24,NA,NA,Fledged,Nestling,15.815972222401,Unit_2_75
278172154,Unit_2,75,F,Color_Stressor,Control_,2019-05-29,SY,20,28.1,116,NA,NA,NA,NA,NA,1,2019-05-17,6,6,74,2019-06-29,Fledged,3,137,Control_Dull,281128813,2019-06-17,6,16.25,39,NA,NA,"Check if this should really be from unit 2 box 75? If so, set fate to fledged for both and check that nest table fledged number is 6.",Nestling,15.815972222401,Unit_2_75
278172158,Unit_2,105,F,Color_Stressor,Predator,2019-06-01,SY,19.5,28.3,111,NA,NA,NA,NA,NA,1,2019-05-20,6,5,48,2019-07-02,Fledged,5,140,Predator_Dull,281128755,2019-06-20,5,18,45,NA,NA,Fledged,Nestling,17.285879629776,Unit_2_105
278172158,Unit_2,105,F,Color_Stressor,Predator,2019-06-01,SY,19.5,28.3,111,NA,NA,NA,NA,NA,1,2019-05-20,6,5,48,2019-07-02,Fledged,5,140,Predator_Dull,281128756,2019-06-20,5,14.5,44,NA,NA,Fledged,Nestling,17.285879629776,Unit_2_105
278172158,Unit_2,105,F,Color_Stressor,Predator,2019-06-01,SY,19.5,28.3,111,NA,NA,NA,NA,NA,1,2019-05-20,6,5,48,2019-07-02,Fledged,5,140,Predator_Dull,281128757,2019-06-20,5,22.75,49,NA,NA,Fledged,Nestling,17.285879629776,Unit_2_105
278172158,Unit_2,105,F,Color_Stressor,Predator,2019-06-01,SY,19.5,28.3,111,NA,NA,NA,NA,NA,1,2019-05-20,6,5,48,2019-07-02,Fledged,5,140,Predator_Dull,281128758,2019-06-20,5,11.5,36,NA,NA,Fledged,Nestling,17.285879629776,Unit_2_105
278172158,Unit_2,105,F,Color_Stressor,Predator,2019-06-01,SY,19.5,28.3,111,NA,NA,NA,NA,NA,1,2019-05-20,6,5,48,2019-07-02,Fledged,5,140,Predator_Dull,281128759,2019-06-20,5,9.75,25,NA,NA,Fledged,Nestling,17.285879629776,Unit_2_105
278172162,Unit_2,34,F,Color_Stressor,Control_,2019-06-05,SY,22,28.3,116,0.145937813440321,0.854062186559679,498.5,2019-06-10,Base/2nd,1,2019-05-25,5,4,50,2019-07-07,Fledged,3,145,Control_Dull,281128768,2019-06-24,4,18.5,44,NA,NA,Died,Nestling,18.310185185125,Unit_2_34
278172162,Unit_2,34,F,Color_Stressor,Control_,2019-06-05,SY,22,28.3,116,0.145937813440321,0.854062186559679,498.5,2019-06-10,Base/2nd,1,2019-05-25,5,4,50,2019-07-07,Fledged,3,145,Control_Dull,281128769,2019-06-24,4,17,49,NA,NA,Fledged,Nestling,18.310185185125,Unit_2_34
278172162,Unit_2,34,F,Color_Stressor,Control_,2019-06-05,SY,22,28.3,116,0.145937813440321,0.854062186559679,498.5,2019-06-10,Base/2nd,1,2019-05-25,5,4,50,2019-07-07,Fledged,3,145,Control_Dull,281128770,2019-06-24,4,20.25,47,NA,NA,Fledged,Nestling,18.310185185125,Unit_2_34
278172162,Unit_2,34,F,Color_Stressor,Control_,2019-06-05,SY,22,28.3,116,0.145937813440321,0.854062186559679,498.5,2019-06-10,Base/2nd,1,2019-05-25,5,4,50,2019-07-07,Fledged,3,145,Control_Dull,281128771,2019-06-24,4,17.25,40,NA,NA,Fledged,Nestling,18.310185185125,Unit_2_34
278172163,Unit_2,14,F,Color_Stressor,Predator,2019-06-07,ASY,22,29.4,116,0.302375809935205,0.697624190064795,231.5,2019-06-12,Base/2nd,1,2019-05-27,5,3,40,2019-07-08,Fledged,3,147,Predator_Dull,278172294,2019-06-26,3,24,50,NA,NA,Fledged,Nestling,19.2418981480937,Unit_2_14
278172163,Unit_2,14,F,Color_Stressor,Predator,2019-06-07,ASY,22,29.4,116,0.302375809935205,0.697624190064795,231.5,2019-06-12,Base/2nd,1,2019-05-27,5,3,40,2019-07-08,Fledged,3,147,Predator_Dull,278172295,2019-06-26,3,23,53,NA,NA,Fledged,Nestling,19.2418981480937,Unit_2_14
278172163,Unit_2,14,F,Color_Stressor,Predator,2019-06-07,ASY,22,29.4,116,0.302375809935205,0.697624190064795,231.5,2019-06-12,Base/2nd,1,2019-05-27,5,3,40,2019-07-08,Fledged,3,147,Predator_Dull,278172296,2019-06-26,3,23,55,NA,NA,Fledged,Nestling,19.2418981480937,Unit_2_14
278172224,Unit_1,47,F,Color_Stressor,Control_,2019-05-28,SY,21.75,28.3,112,0.500758725341426,0.499241274658574,329.5,2019-06-02,Base/2nd,1,2019-05-15,5,5,66,2019-06-28,Died,0,135,Control_Control,278172283,2019-06-16,4,18,47,NA,NA,Died,Nestling,16.1979166668281,Unit_1_47
278172224,Unit_1,47,F,Color_Stressor,Control_,2019-05-28,SY,21.75,28.3,112,0.500758725341426,0.499241274658574,329.5,2019-06-02,Base/2nd,1,2019-05-15,5,5,66,2019-06-28,Died,0,135,Control_Control,278172284,2019-06-16,4,14,45,NA,NA,Died,Nestling,16.1979166668281,Unit_1_47
278172224,Unit_1,47,F,Color_Stressor,Control_,2019-05-28,SY,21.75,28.3,112,0.500758725341426,0.499241274658574,329.5,2019-06-02,Base/2nd,1,2019-05-15,5,5,66,2019-06-28,Died,0,135,Control_Control,278172285,2019-06-16,4,17.5,51,NA,NA,Died,Nestling,16.1979166668281,Unit_1_47
278172224,Unit_1,47,F,Color_Stressor,Control_,2019-05-28,SY,21.75,28.3,112,0.500758725341426,0.499241274658574,329.5,2019-06-02,Base/2nd,1,2019-05-15,5,5,66,2019-06-28,Died,0,135,Control_Control,278172286,2019-06-16,4,13,35,NA,NA,Died,Nestling,16.1979166668281,Unit_1_47
278172225,Unit_1,433,F,Water,Water,2019-05-28,ASY,24,29.3,113,0.1,0.9,90,2019-05-28,Stress/1st,1,2019-05-16,6,6,NA,2019-06-27,Fledged,6,136,Water,281128628,2019-06-15,6,17.25,43,NA,NA,Fledged,Nestling,16.4467592594167,Unit_1_433
278172225,Unit_1,433,F,Water,Water,2019-05-28,ASY,24,29.3,113,0.1,0.9,90,2019-05-28,Stress/1st,1,2019-05-16,6,6,NA,2019-06-27,Fledged,6,136,Water,281128629,2019-06-15,6,17,50,NA,NA,Fledged,Nestling,16.4467592594167,Unit_1_433
278172225,Unit_1,433,F,Water,Water,2019-05-28,ASY,24,29.3,113,0.1,0.9,90,2019-05-28,Stress/1st,1,2019-05-16,6,6,NA,2019-06-27,Fledged,6,136,Water,281128630,2019-06-15,6,16.5,45,NA,NA,Fledged,Nestling,16.4467592594167,Unit_1_433
278172225,Unit_1,433,F,Water,Water,2019-05-28,ASY,24,29.3,113,0.1,0.9,90,2019-05-28,Stress/1st,1,2019-05-16,6,6,NA,2019-06-27,Fledged,6,136,Water,281128631,2019-06-15,6,20.5,56,NA,NA,Fledged,Nestling,16.4467592594167,Unit_1_433
278172225,Unit_1,433,F,Water,Water,2019-05-28,ASY,24,29.3,113,0.1,0.9,90,2019-05-28,Stress/1st,1,2019-05-16,6,6,NA,2019-06-27,Fledged,6,136,Water,281128632,2019-06-15,6,16,48,NA,NA,Fledged,Nestling,16.4467592594167,Unit_1_433
278172225,Unit_1,433,F,Water,Water,2019-05-28,ASY,24,29.3,113,0.1,0.9,90,2019-05-28,Stress/1st,1,2019-05-16,6,6,NA,2019-06-27,Fledged,6,136,Water,281128633,2019-06-15,6,17.5,49,NA,NA,Fledged,Nestling,16.4467592594167,Unit_1_433
278172227,Unit_1,345,F,Water,Water,2019-05-28,ASY,22.5,28.5,116,NA,NA,NA,NA,NA,1,2019-05-16,6,6,NA,2019-06-27,Fledged,6,136,Water,281128640,2019-06-15,6,17,48,NA,NA,Fledged,Nestling,16.4467592594167,Unit_1_345
278172227,Unit_1,345,F,Water,Water,2019-05-28,ASY,22.5,28.5,116,NA,NA,NA,NA,NA,1,2019-05-16,6,6,NA,2019-06-27,Fledged,6,136,Water,281128641,2019-06-15,6,20.5,60,NA,NA,Fledged,Nestling,16.4467592594167,Unit_1_345
278172227,Unit_1,345,F,Water,Water,2019-05-28,ASY,22.5,28.5,116,NA,NA,NA,NA,NA,1,2019-05-16,6,6,NA,2019-06-27,Fledged,6,136,Water,281128642,2019-06-15,6,19,54,NA,NA,Fledged,Nestling,16.4467592594167,Unit_1_345
278172227,Unit_1,345,F,Water,Water,2019-05-28,ASY,22.5,28.5,116,NA,NA,NA,NA,NA,1,2019-05-16,6,6,NA,2019-06-27,Fledged,6,136,Water,281128643,2019-06-15,6,17,43,NA,NA,Fledged,Nestling,16.4467592594167,Unit_1_345
278172227,Unit_1,345,F,Water,Water,2019-05-28,ASY,22.5,28.5,116,NA,NA,NA,NA,NA,1,2019-05-16,6,6,NA,2019-06-27,Fledged,6,136,Water,281128644,2019-06-15,6,16,51,NA,NA,Fledged,Nestling,16.4467592594167,Unit_1_345
278172227,Unit_1,345,F,Water,Water,2019-05-28,ASY,22.5,28.5,116,NA,NA,NA,NA,NA,1,2019-05-16,6,6,NA,2019-06-27,Fledged,6,136,Water,281128645,2019-06-15,6,18.25,50,NA,NA,Fledged,Nestling,16.4467592594167,Unit_1_345
278172228,Unit_1,370,F,Water,Water,2019-05-31,SY,22.75,28,115,0.546992481203008,0.453007518796992,266,2019-05-31,Stress/1st,1,2019-05-19,5,4,NA,2019-07-02,Fledged,2,139,Water,281128658,2019-06-20,2,21.25,52,NA,NA,Fledged,Nestling,17.285879629776,Unit_1_370
278172228,Unit_1,370,F,Water,Water,2019-05-31,SY,22.75,28,115,0.546992481203008,0.453007518796992,266,2019-05-31,Stress/1st,1,2019-05-19,5,4,NA,2019-07-02,Fledged,2,139,Water,281128659,2019-06-20,2,21,45,NA,NA,Fledged,Nestling,17.285879629776,Unit_1_370
278172229,Unit_1,393,F,Water,Water,2019-05-31,SY,20.5,28.9,115,0.101503759398496,0.898496240601504,266,2019-05-31,Stress/1st,1,2019-05-22,6,6,NA,2019-07-02,Fledged,5,142,Water,281128665,2019-06-20,6,17,45,NA,NA,Fledged,Nestling,17.285879629776,Unit_1_393
278172229,Unit_1,393,F,Water,Water,2019-05-31,SY,20.5,28.9,115,0.101503759398496,0.898496240601504,266,2019-05-31,Stress/1st,1,2019-05-22,6,6,NA,2019-07-02,Fledged,5,142,Water,281128666,2019-06-20,6,15,42,NA,NA,Fledged,Nestling,17.285879629776,Unit_1_393
278172229,Unit_1,393,F,Water,Water,2019-05-31,SY,20.5,28.9,115,0.101503759398496,0.898496240601504,266,2019-05-31,Stress/1st,1,2019-05-22,6,6,NA,2019-07-02,Fledged,5,142,Water,281128667,2019-06-20,6,15.75,45,NA,NA,Fledged,Nestling,17.285879629776,Unit_1_393
278172229,Unit_1,393,F,Water,Water,2019-05-31,SY,20.5,28.9,115,0.101503759398496,0.898496240601504,266,2019-05-31,Stress/1st,1,2019-05-22,6,6,NA,2019-07-02,Fledged,5,142,Water,281128668,2019-06-20,6,14,40,NA,NA,Fledged,Nestling,17.285879629776,Unit_1_393
278172229,Unit_1,393,F,Water,Water,2019-05-31,SY,20.5,28.9,115,0.101503759398496,0.898496240601504,266,2019-05-31,Stress/1st,1,2019-05-22,6,6,NA,2019-07-02,Fledged,5,142,Water,281128669,2019-06-20,6,14.75,41,NA,NA,Fledged,Nestling,17.285879629776,Unit_1_393
278172229,Unit_1,393,F,Water,Water,2019-05-31,SY,20.5,28.9,115,0.101503759398496,0.898496240601504,266,2019-05-31,Stress/1st,1,2019-05-22,6,6,NA,2019-07-02,Fledged,5,142,Water,281128670,2019-06-20,6,13.5,39,NA,NA,Died,Nestling,17.285879629776,Unit_1_393
278172231,Unit_1,19,F,Water,Water,2019-06-21,SY,20.5,28.4,112,NA,NA,NA,NA,NA,1,2019-06-10,3,3,33,2019-07-21,NA,NA,161,Water,281128788,2019-07-09,3,22.75,54,NA,NA,Unknown,Nestling,21.7129629628646,Unit_1_19
278172231,Unit_1,19,F,Water,Water,2019-06-21,SY,20.5,28.4,112,NA,NA,NA,NA,NA,1,2019-06-10,3,3,33,2019-07-21,NA,NA,161,Water,281128789,2019-07-09,3,21.5,45,NA,NA,Unknown,Nestling,21.7129629628646,Unit_1_19
278172231,Unit_1,19,F,Water,Water,2019-06-21,SY,20.5,28.4,112,NA,NA,NA,NA,NA,1,2019-06-10,3,3,33,2019-07-21,NA,NA,161,Water,281128790,2019-07-09,3,19.75,53,NA,NA,Unknown,Nestling,21.7129629628646,Unit_1_19
278172233,Unit_1,86,F,Color_Stressor,Predator,2019-06-03,SY,20.75,28.5,117,0.403963414634146,0.596036585365854,164,2019-06-08,Base/2nd,1,2019-05-23,5,4,45,2019-07-04,Fledged,3,143,Predator_Control,281128680,2019-06-22,3,13,35,NA,NA,Fledged,Nestling,17.8269675925885,Unit_1_86
278172233,Unit_1,86,F,Color_Stressor,Predator,2019-06-03,SY,20.75,28.5,117,0.403963414634146,0.596036585365854,164,2019-06-08,Base/2nd,1,2019-05-23,5,4,45,2019-07-04,Fledged,3,143,Predator_Control,281128681,2019-06-22,3,17,37,NA,NA,Fledged,Nestling,17.8269675925885,Unit_1_86
278172233,Unit_1,86,F,Color_Stressor,Predator,2019-06-03,SY,20.75,28.5,117,0.403963414634146,0.596036585365854,164,2019-06-08,Base/2nd,1,2019-05-23,5,4,45,2019-07-04,Fledged,3,143,Predator_Control,281128682,2019-06-22,3,16,42,NA,NA,Fledged,Nestling,17.8269675925885,Unit_1_86
278172234,Unit_1,314,F,Water,Water,2019-06-03,SY,21.5,28.4,111,0.37123745819398,0.62876254180602,299,2019-06-03,Stress/1st,1,2019-05-22,6,6,NA,2019-07-03,Fledged,6,142,Water,281128517,2019-06-21,6,12,32,NA,NA,Fledged,Nestling,17.6157407406615,Unit_1_314
278172234,Unit_1,314,F,Water,Water,2019-06-03,SY,21.5,28.4,111,0.37123745819398,0.62876254180602,299,2019-06-03,Stress/1st,1,2019-05-22,6,6,NA,2019-07-03,Fledged,6,142,Water,281128518,2019-06-21,6,19.75,47,NA,NA,Fledged,Nestling,17.6157407406615,Unit_1_314
278172234,Unit_1,314,F,Water,Water,2019-06-03,SY,21.5,28.4,111,0.37123745819398,0.62876254180602,299,2019-06-03,Stress/1st,1,2019-05-22,6,6,NA,2019-07-03,Fledged,6,142,Water,281128519,2019-06-21,6,16,37,NA,NA,Fledged,Nestling,17.6157407406615,Unit_1_314
278172234,Unit_1,314,F,Water,Water,2019-06-03,SY,21.5,28.4,111,0.37123745819398,0.62876254180602,299,2019-06-03,Stress/1st,1,2019-05-22,6,6,NA,2019-07-03,Fledged,6,142,Water,281128520,2019-06-21,6,17,42,NA,NA,Fledged,Nestling,17.6157407406615,Unit_1_314
278172234,Unit_1,314,F,Water,Water,2019-06-03,SY,21.5,28.4,111,0.37123745819398,0.62876254180602,299,2019-06-03,Stress/1st,1,2019-05-22,6,6,NA,2019-07-03,Fledged,6,142,Water,281128521,2019-06-21,6,20,48,NA,NA,Fledged,Nestling,17.6157407406615,Unit_1_314
278172234,Unit_1,314,F,Water,Water,2019-06-03,SY,21.5,28.4,111,0.37123745819398,0.62876254180602,299,2019-06-03,Stress/1st,1,2019-05-22,6,6,NA,2019-07-03,Fledged,6,142,Water,281128522,2019-06-21,6,19,44,NA,NA,Fledged,Nestling,17.6157407406615,Unit_1_314
281128402,Unit_2,20,F,Color_Stressor,Control_,2019-05-24,SY,20.75,29.8,119,0.477011494252874,0.522988505747126,130.5,2019-05-29,Base/2nd,1,2019-05-12,6,5,47,2019-06-25,Fledged,3,132,Control_Control,281128733,2019-06-13,4,19,56,NA,NA,Fledged,Nestling,16.4843750002708,Unit_2_20
281128402,Unit_2,20,F,Color_Stressor,Control_,2019-05-24,SY,20.75,29.8,119,0.477011494252874,0.522988505747126,130.5,2019-05-29,Base/2nd,1,2019-05-12,6,5,47,2019-06-25,Fledged,3,132,Control_Control,281128734,2019-06-13,4,20,53,NA,NA,Died,Nestling,16.4843750002708,Unit_2_20
281128402,Unit_2,20,F,Color_Stressor,Control_,2019-05-24,SY,20.75,29.8,119,0.477011494252874,0.522988505747126,130.5,2019-05-29,Base/2nd,1,2019-05-12,6,5,47,2019-06-25,Fledged,3,132,Control_Control,281128735,2019-06-13,4,20,53,NA,NA,Fledged,Nestling,16.4843750002708,Unit_2_20
281128402,Unit_2,20,F,Color_Stressor,Control_,2019-05-24,SY,20.75,29.8,119,0.477011494252874,0.522988505747126,130.5,2019-05-29,Base/2nd,1,2019-05-12,6,5,47,2019-06-25,Fledged,3,132,Control_Control,281128736,2019-06-13,4,20.5,55,NA,NA,Fledged,Nestling,16.4843750002708,Unit_2_20
281128403,Unit_2,94,F,Color_Stressor,Predator,2019-05-27,SY,22,28.4,112,0.820861678004535,0.179138321995465,441,2019-06-01,Base/2nd,1,2019-05-15,6,6,73,2019-06-27,Died,0,135,Predator_Control,278172303,2019-06-15,4,14.5,32,NA,NA,Died,Nestling,16.4467592594167,Unit_2_94
281128403,Unit_2,94,F,Color_Stressor,Predator,2019-05-27,SY,22,28.4,112,0.820861678004535,0.179138321995465,441,2019-06-01,Base/2nd,1,2019-05-15,6,6,73,2019-06-27,Died,0,135,Predator_Control,278172304,2019-06-15,4,14,31,NA,NA,Died,Nestling,16.4467592594167,Unit_2_94
281128403,Unit_2,94,F,Color_Stressor,Predator,2019-05-27,SY,22,28.4,112,0.820861678004535,0.179138321995465,441,2019-06-01,Base/2nd,1,2019-05-15,6,6,73,2019-06-27,Died,0,135,Predator_Control,278172305,2019-06-15,4,15,32,NA,NA,Died,Nestling,16.4467592594167,Unit_2_94
281128403,Unit_2,94,F,Color_Stressor,Predator,2019-05-27,SY,22,28.4,112,0.820861678004535,0.179138321995465,441,2019-06-01,Base/2nd,1,2019-05-15,6,6,73,2019-06-27,Died,0,135,Predator_Control,278172306,2019-06-15,4,11.75,28.5,NA,NA,Died,Nestling,16.4467592594167,Unit_2_94
281128404,Unit_2,50,F,Water,Water,2019-06-17,SY,19,27.3,117,NA,NA,NA,NA,NA,1,2019-06-05,5,5,65,2019-07-17,Fledged,3,156,Water,281128778,2019-07-05,5,22,59,NA,NA,Died,Nestling,21.6840277776563,Unit_2_50
281128404,Unit_2,50,F,Water,Water,2019-06-17,SY,19,27.3,117,NA,NA,NA,NA,NA,1,2019-06-05,5,5,65,2019-07-17,Fledged,3,156,Water,281128779,2019-07-05,5,22.25,55,NA,NA,Died,Nestling,21.6840277776563,Unit_2_50
281128404,Unit_2,50,F,Water,Water,2019-06-17,SY,19,27.3,117,NA,NA,NA,NA,NA,1,2019-06-05,5,5,65,2019-07-17,Fledged,3,156,Water,281128780,2019-07-05,5,18,43.5,NA,NA,Fledged,Nestling,21.6840277776563,Unit_2_50
281128404,Unit_2,50,F,Water,Water,2019-06-17,SY,19,27.3,117,NA,NA,NA,NA,NA,1,2019-06-05,5,5,65,2019-07-17,Fledged,3,156,Water,281128781,2019-07-05,5,21,55,NA,NA,Fledged,Nestling,21.6840277776563,Unit_2_50
281128404,Unit_2,50,F,Water,Water,2019-06-17,SY,19,27.3,117,NA,NA,NA,NA,NA,1,2019-06-05,5,5,65,2019-07-17,Fledged,3,156,Water,281128782,2019-07-05,5,21,55,NA,NA,Fledged,Nestling,21.6840277776563,Unit_2_50
281128405,Unit_2,119,F,Color_Stressor,NA,2019-06-15,SY,19,27.5,108,NA,NA,NA,NA,NA,1,2019-06-03,5,4,57,2019-07-16,Fledged,3,154,NA,281128774,2019-07-04,4,23,61,NA,NA,Fledged,Nestling,21.1545138888021,Unit_2_119
281128405,Unit_2,119,F,Color_Stressor,NA,2019-06-15,SY,19,27.5,108,NA,NA,NA,NA,NA,1,2019-06-03,5,4,57,2019-07-16,Fledged,3,154,NA,281128775,2019-07-04,4,24.5,60,NA,NA,Died,Nestling,21.1545138888021,Unit_2_119
281128405,Unit_2,119,F,Color_Stressor,NA,2019-06-15,SY,19,27.5,108,NA,NA,NA,NA,NA,1,2019-06-03,5,4,57,2019-07-16,Fledged,3,154,NA,281128776,2019-07-04,4,23.75,61,NA,NA,Fledged,Nestling,21.1545138888021,Unit_2_119
281128405,Unit_2,119,F,Color_Stressor,NA,2019-06-15,SY,19,27.5,108,NA,NA,NA,NA,NA,1,2019-06-03,5,4,57,2019-07-16,Fledged,3,154,NA,281128777,2019-07-04,4,19.25,50,NA,NA,Fledged,Nestling,21.1545138888021,Unit_2_119
281128601,Unit_2,99,F,Color_Stressor,Control_,2019-06-04,SY,19.5,28.1,116,0.599395313681028,0.400604686318972,661.5,2019-06-09,Base/2nd,1,2019-05-24,5,4,36,2019-07-04,Fledged,4,144,Control_Control,281128532,2019-06-22,4,15.25,39,NA,NA,Died,Nestling,17.8269675925885,Unit_2_99
281128601,Unit_2,99,F,Color_Stressor,Control_,2019-06-04,SY,19.5,28.1,116,0.599395313681028,0.400604686318972,661.5,2019-06-09,Base/2nd,1,2019-05-24,5,4,36,2019-07-04,Fledged,4,144,Control_Control,281128533,2019-06-22,4,14,37,NA,NA,Died,Nestling,17.8269675925885,Unit_2_99
281128601,Unit_2,99,F,Color_Stressor,Control_,2019-06-04,SY,19.5,28.1,116,0.599395313681028,0.400604686318972,661.5,2019-06-09,Base/2nd,1,2019-05-24,5,4,36,2019-07-04,Fledged,4,144,Control_Control,281128534,2019-06-22,4,15.75,42,NA,NA,Died,Nestling,17.8269675925885,Unit_2_99
281128601,Unit_2,99,F,Color_Stressor,Control_,2019-06-04,SY,19.5,28.1,116,0.599395313681028,0.400604686318972,661.5,2019-06-09,Base/2nd,1,2019-05-24,5,4,36,2019-07-04,Fledged,4,144,Control_Control,281128535,2019-06-22,4,18,44,NA,NA,Died,Nestling,17.8269675925885,Unit_2_99
281128602,Unit_2,85,F,Color_Stressor,Control_,2019-06-04,ASY,23.5,27.4,116,0.0640243902439024,0.935975609756098,164,2019-06-08,Base/2nd,1,2019-05-22,6,5,50.5,2019-07-04,Fledged,5,142,Control_Dull,281128527,2019-06-22,5,16,41,NA,NA,Fledged,Nestling,17.8269675925885,Unit_2_85
281128602,Unit_2,85,F,Color_Stressor,Control_,2019-06-04,ASY,23.5,27.4,116,0.0640243902439024,0.935975609756098,164,2019-06-08,Base/2nd,1,2019-05-22,6,5,50.5,2019-07-04,Fledged,5,142,Control_Dull,281128528,2019-06-22,5,19,52,NA,NA,Fledged,Nestling,17.8269675925885,Unit_2_85
281128602,Unit_2,85,F,Color_Stressor,Control_,2019-06-04,ASY,23.5,27.4,116,0.0640243902439024,0.935975609756098,164,2019-06-08,Base/2nd,1,2019-05-22,6,5,50.5,2019-07-04,Fledged,5,142,Control_Dull,281128529,2019-06-22,5,14,45,NA,NA,Fledged,Nestling,17.8269675925885,Unit_2_85
281128602,Unit_2,85,F,Color_Stressor,Control_,2019-06-04,ASY,23.5,27.4,116,0.0640243902439024,0.935975609756098,164,2019-06-08,Base/2nd,1,2019-05-22,6,5,50.5,2019-07-04,Fledged,5,142,Control_Dull,281128530,2019-06-22,5,17.5,52,NA,NA,Fledged,Nestling,17.8269675925885,Unit_2_85
281128602,Unit_2,85,F,Color_Stressor,Control_,2019-06-04,ASY,23.5,27.4,116,0.0640243902439024,0.935975609756098,164,2019-06-08,Base/2nd,1,2019-05-22,6,5,50.5,2019-07-04,Fledged,5,142,Control_Dull,281128531,2019-06-22,5,19.9,53,NA,NA,Fledged,Nestling,17.8269675925885,Unit_2_85
281128603,Unit_2,72,F,Color_Stressor,Predator,2019-06-04,SY,18,26.9,117,0.969387755102041,0.0306122448979592,661.5,2019-06-09,Base/2nd,1,2019-05-24,5,5,59,2019-07-07,Fledged,5,144,Predator_Control,278172289,2019-06-25,5,18,46,NA,NA,Fledged,Nestling,18.9843749999688,Unit_2_72
281128603,Unit_2,72,F,Color_Stressor,Predator,2019-06-04,SY,18,26.9,117,0.969387755102041,0.0306122448979592,661.5,2019-06-09,Base/2nd,1,2019-05-24,5,5,59,2019-07-07,Fledged,5,144,Predator_Control,278172290,2019-06-25,5,21.5,56,NA,NA,Fledged,Nestling,18.9843749999688,Unit_2_72
281128603,Unit_2,72,F,Color_Stressor,Predator,2019-06-04,SY,18,26.9,117,0.969387755102041,0.0306122448979592,661.5,2019-06-09,Base/2nd,1,2019-05-24,5,5,59,2019-07-07,Fledged,5,144,Predator_Control,278172291,2019-06-25,5,18,54,NA,NA,Fledged,Nestling,18.9843749999688,Unit_2_72
281128603,Unit_2,72,F,Color_Stressor,Predator,2019-06-04,SY,18,26.9,117,0.969387755102041,0.0306122448979592,661.5,2019-06-09,Base/2nd,1,2019-05-24,5,5,59,2019-07-07,Fledged,5,144,Predator_Control,278172292,2019-06-25,5,19.25,53,NA,NA,Fledged,Nestling,18.9843749999688,Unit_2_72
281128603,Unit_2,72,F,Color_Stressor,Predator,2019-06-04,SY,18,26.9,117,0.969387755102041,0.0306122448979592,661.5,2019-06-09,Base/2nd,1,2019-05-24,5,5,59,2019-07-07,Fledged,5,144,Predator_Control,278172293,2019-06-25,5,20,53,NA,NA,Fledged,Nestling,18.9843749999688,Unit_2_72
281128654,Unit_1,79,F,Water,Water,2019-06-17,SY,18.5,28.8,114,NA,NA,NA,NA,NA,1,2019-06-05,5,5,70,2019-07-17,Fledged,5,156,Water,281128783,2019-07-05,5,21,55.1,NA,NA,Fledged,Nestling,21.6840277776563,Unit_1_79
281128654,Unit_1,79,F,Water,Water,2019-06-17,SY,18.5,28.8,114,NA,NA,NA,NA,NA,1,2019-06-05,5,5,70,2019-07-17,Fledged,5,156,Water,281128784,2019-07-05,5,22.5,64,NA,NA,Fledged,Nestling,21.6840277776563,Unit_1_79
281128654,Unit_1,79,F,Water,Water,2019-06-17,SY,18.5,28.8,114,NA,NA,NA,NA,NA,1,2019-06-05,5,5,70,2019-07-17,Fledged,5,156,Water,281128785,2019-07-05,5,22,57,NA,NA,Died? Check if alive on d15 on hard copy. If not change nest table # fledged to 4 instead of 5.,Nestling,21.6840277776563,Unit_1_79
281128654,Unit_1,79,F,Water,Water,2019-06-17,SY,18.5,28.8,114,NA,NA,NA,NA,NA,1,2019-06-05,5,5,70,2019-07-17,Fledged,5,156,Water,281128786,2019-07-05,5,21.5,60,NA,NA,Fledged,Nestling,21.6840277776563,Unit_1_79
281128654,Unit_1,79,F,Water,Water,2019-06-17,SY,18.5,28.8,114,NA,NA,NA,NA,NA,1,2019-06-05,5,5,70,2019-07-17,Fledged,5,156,Water,281128787,2019-07-05,5,20.25,52,NA,NA,Fledged,Nestling,21.6840277776563,Unit_1_79
281128701,Unit_1,105,F,Color_Stressor,Predator,2019-05-28,SY,22.5,28.8,114,0.151745068285281,0.848254931714719,329.5,2019-06-02,Base/2nd,1,2019-05-15,5,5,65,2019-06-28,Fledged,4,135,Predator_Dull,281128743,2019-06-15,5,16.5,42,NA,NA,Fledged,Nestling,16.4467592594167,Unit_1_105
281128701,Unit_1,105,F,Color_Stressor,Predator,2019-05-28,SY,22.5,28.8,114,0.151745068285281,0.848254931714719,329.5,2019-06-02,Base/2nd,1,2019-05-15,5,5,65,2019-06-28,Fledged,4,135,Predator_Dull,281128744,2019-06-15,5,17.25,43,NA,NA,Fledged,Nestling,16.4467592594167,Unit_1_105
281128701,Unit_1,105,F,Color_Stressor,Predator,2019-05-28,SY,22.5,28.8,114,0.151745068285281,0.848254931714719,329.5,2019-06-02,Base/2nd,1,2019-05-15,5,5,65,2019-06-28,Fledged,4,135,Predator_Dull,281128745,2019-06-15,5,16.5,45.5,NA,NA,Fledged,Nestling,16.4467592594167,Unit_1_105
281128701,Unit_1,105,F,Color_Stressor,Predator,2019-05-28,SY,22.5,28.8,114,0.151745068285281,0.848254931714719,329.5,2019-06-02,Base/2nd,1,2019-05-15,5,5,65,2019-06-28,Fledged,4,135,Predator_Dull,281128746,2019-06-15,5,14.75,41,NA,NA,Fledged,Nestling,16.4467592594167,Unit_1_105
281128701,Unit_1,105,F,Color_Stressor,Predator,2019-05-28,SY,22.5,28.8,114,0.151745068285281,0.848254931714719,329.5,2019-06-02,Base/2nd,1,2019-05-15,5,5,65,2019-06-28,Fledged,4,135,Predator_Dull,281128747,2019-06-15,5,12.5,37,NA,NA,Died,Nestling,16.4467592594167,Unit_1_105
281128703,Unit_1,308,F,Water,Water,2019-06-01,ASY,23,27.6,115,0.836734693877551,0.163265306122449,441,2019-06-01,Stress/1st,1,2019-05-20,6,6,NA,2019-07-02,Fledged,6,140,Water,281128671,2019-06-20,6,15,47,NA,NA,Fledged,Nestling,17.285879629776,Unit_1_308
281128703,Unit_1,308,F,Water,Water,2019-06-01,ASY,23,27.6,115,0.836734693877551,0.163265306122449,441,2019-06-01,Stress/1st,1,2019-05-20,6,6,NA,2019-07-02,Fledged,6,140,Water,281128672,2019-06-20,6,16.5,48,NA,NA,Fledged,Nestling,17.285879629776,Unit_1_308
281128703,Unit_1,308,F,Water,Water,2019-06-01,ASY,23,27.6,115,0.836734693877551,0.163265306122449,441,2019-06-01,Stress/1st,1,2019-05-20,6,6,NA,2019-07-02,Fledged,6,140,Water,281128673,2019-06-20,6,19,50,NA,NA,Fledged,Nestling,17.285879629776,Unit_1_308
281128703,Unit_1,308,F,Water,Water,2019-06-01,ASY,23,27.6,115,0.836734693877551,0.163265306122449,441,2019-06-01,Stress/1st,1,2019-05-20,6,6,NA,2019-07-02,Fledged,6,140,Water,281128674,2019-06-20,6,15,46,NA,NA,Fledged,Nestling,17.285879629776,Unit_1_308
281128703,Unit_1,308,F,Water,Water,2019-06-01,ASY,23,27.6,115,0.836734693877551,0.163265306122449,441,2019-06-01,Stress/1st,1,2019-05-20,6,6,NA,2019-07-02,Fledged,6,140,Water,281128675,2019-06-20,6,17.5,48,NA,NA,Fledged,Nestling,17.285879629776,Unit_1_308
281128703,Unit_1,308,F,Water,Water,2019-06-01,ASY,23,27.6,115,0.836734693877551,0.163265306122449,441,2019-06-01,Stress/1st,1,2019-05-20,6,6,NA,2019-07-02,Fledged,6,140,Water,281128676,2019-06-20,6,17.75,51,NA,NA,Fledged,Nestling,17.285879629776,Unit_1_308
281128704,Unit_1,58,F,Color_Stressor,Predator,2019-06-02,SY,23.25,28,118,0.0332167832167832,0.966783216783217,143,2019-06-07,Base/2nd,1,2019-05-23,4,4,48,2019-07-04,Fledged,2,143,Predator_Control,281128677,2019-06-22,3,22,54,NA,NA,Fledged,Nestling,17.8269675925885,Unit_1_58
281128704,Unit_1,58,F,Color_Stressor,Predator,2019-06-02,SY,23.25,28,118,0.0332167832167832,0.966783216783217,143,2019-06-07,Base/2nd,1,2019-05-23,4,4,48,2019-07-04,Fledged,2,143,Predator_Control,281128678,2019-06-22,3,20.5,48,NA,NA,Died,Nestling,17.8269675925885,Unit_1_58
281128704,Unit_1,58,F,Color_Stressor,Predator,2019-06-02,SY,23.25,28,118,0.0332167832167832,0.966783216783217,143,2019-06-07,Base/2nd,1,2019-05-23,4,4,48,2019-07-04,Fledged,2,143,Predator_Control,281128679,2019-06-22,3,22.5,54,NA,NA,Fledged,Nestling,17.8269675925885,Unit_1_58
281128705,Unit_1,319,F,Water,Water,2019-06-02,SY,24,28.7,117,0.968133535660091,0.0318664643399089,329.5,2019-06-02,Stress/1st,1,2019-05-21,6,6,NA,2019-07-04,Fledged,6,141,Water,281128536,2019-06-22,6,16.75,54,NA,NA,Fledged,Nestling,17.8269675925885,Unit_1_319
281128705,Unit_1,319,F,Water,Water,2019-06-02,SY,24,28.7,117,0.968133535660091,0.0318664643399089,329.5,2019-06-02,Stress/1st,1,2019-05-21,6,6,NA,2019-07-04,Fledged,6,141,Water,281128537,2019-06-22,6,16.75,55,NA,NA,Fledged,Nestling,17.8269675925885,Unit_1_319
281128705,Unit_1,319,F,Water,Water,2019-06-02,SY,24,28.7,117,0.968133535660091,0.0318664643399089,329.5,2019-06-02,Stress/1st,1,2019-05-21,6,6,NA,2019-07-04,Fledged,6,141,Water,281128538,2019-06-22,6,17.25,53,NA,NA,Fledged,Nestling,17.8269675925885,Unit_1_319
281128705,Unit_1,319,F,Water,Water,2019-06-02,SY,24,28.7,117,0.968133535660091,0.0318664643399089,329.5,2019-06-02,Stress/1st,1,2019-05-21,6,6,NA,2019-07-04,Fledged,6,141,Water,281128539,2019-06-22,6,15.25,54,NA,NA,Fledged,Nestling,17.8269675925885,Unit_1_319
281128705,Unit_1,319,F,Water,Water,2019-06-02,SY,24,28.7,117,0.968133535660091,0.0318664643399089,329.5,2019-06-02,Stress/1st,1,2019-05-21,6,6,NA,2019-07-04,Fledged,6,141,Water,281128540,2019-06-22,6,17.5,53,NA,NA,Fledged,Nestling,17.8269675925885,Unit_1_319
281128705,Unit_1,319,F,Water,Water,2019-06-02,SY,24,28.7,117,0.968133535660091,0.0318664643399089,329.5,2019-06-02,Stress/1st,1,2019-05-21,6,6,NA,2019-07-04,Fledged,6,141,Water,281128541,2019-06-22,6,16.75,53,NA,NA,Fledged,Nestling,17.8269675925885,Unit_1_319
281128707,Unit_1,329,F,Water,Water,2019-06-04,ASY,21.25,28.2,110,1.09710743801653,-0.097107438016529,121,2019-06-04,Stress/1st,1,2019-05-23,6,4,NA,2019-07-06,Fledged,4,143,Water,281128814,2019-06-24,4,22,51,NA,NA,Fledged,Nestling,18.310185185125,Unit_1_329
281128707,Unit_1,329,F,Water,Water,2019-06-04,ASY,21.25,28.2,110,1.09710743801653,-0.097107438016529,121,2019-06-04,Stress/1st,1,2019-05-23,6,4,NA,2019-07-06,Fledged,4,143,Water,281128815,2019-06-24,4,22.5,53,NA,NA,Fledged,Nestling,18.310185185125,Unit_1_329
281128707,Unit_1,329,F,Water,Water,2019-06-04,ASY,21.25,28.2,110,1.09710743801653,-0.097107438016529,121,2019-06-04,Stress/1st,1,2019-05-23,6,4,NA,2019-07-06,Fledged,4,143,Water,281128816,2019-06-24,4,23.25,58,NA,NA,Fledged,Nestling,18.310185185125,Unit_1_329
281128707,Unit_1,329,F,Water,Water,2019-06-04,ASY,21.25,28.2,110,1.09710743801653,-0.097107438016529,121,2019-06-04,Stress/1st,1,2019-05-23,6,4,NA,2019-07-06,Fledged,4,143,Water,281128817,2019-06-24,4,24.5,57,NA,NA,Fledged,Nestling,18.310185185125,Unit_1_329
